city,fare
Rural,1/1/2019 9:45,43.69
Rural,1/11/2019 4:39,16.42
Rural,1/14/2019 15:58,54.1
Rural,1/14/2019 7:09,18.05
Rural,1/15/2019 21:44,30.26
Rural,1/18/2019 0:46,15.12
Rural,1/18/2019 7:36,43.57
Rural,1/19/2019 11:40,49.44
Rural,1/19/2019 12:38,38.68
Rural,1/19/2019 20:21,56.78
Rural,1/2/2019 11:18,52.12
Rural,1/22/2019 12:42,13.5
Rural,1/22/2019 15:36,10.11
Rural,1/23/2019 6:52,40.24
Rural,1/24/2019 13:32,34.74
Rural,1/27/2019 17:33,42.68
Rural,1/27/2019 18:43,38.42
Rural,1/28/2019 15:55,31.25
Rural,1/3/2019 19:51,19.9
Rural,1/30/2019 0:05,20.76
Rural,1/30/2019 10:55,51.39
Rural,1/30/2019 1:40,37.05
Rural,1/31/2019 17:57,58.29
Rural,1/4/2019 3:31,24.88
Rural,1/6/2019 7:38,47.33
Rural,1/8/2019 6:19,19.39
Rural,1/9/2019 15:30,31.84
Rural,2/1/2019 8:59,17.05
Rural,2/10/2019 21:03,11.11
Rural,2/11/2019 5:42,25.78
Rural,2/16/2019 17:02,39.46
Rural,2/17/2019 4:42,30.58
Rural,2/18/2019 18:27,36.16
Rural,2/18/2019 22:21,34.32
Rural,2/19/2019 0:23,32.72
Rural,2/19/2019 3:52,58.55
Rural,2/2/2019 14:54,12.42
Rural,2/2/2019 6:28,53.07
Rural,2/20/2019 16:32,44.29
Rural,2/21/2019 19:16,55.4
Rural,2/22/2019 1:46,33.38
Rural,2/22/2019 9:01,17.4
Rural,2/23/2019 12:00,37.05
Rural,2/23/2019 21:12,47.9
Rural,2/24/2019 0:44,21.89
Rural,2/25/2019 19:06,54.66
Rural,2/25/2019 23:46,28.65
Rural,2/25/2019 4:10,16.18
Rural,2/26/2019 7:03,54.66
Rural,2/3/2019 17:15,51.8
Rural,2/4/2019 16:29,13.97
Rural,2/4/2019 23:54,45.7
Rural,2/5/2019 22:53,45.02
Rural,3/10/2019 10:05,56.48
Rural,3/10/2019 10:11,19.02
Rural,3/11/2019 0:51,49.82
Rural,3/12/2019 13:05,23.21
Rural,3/12/2019 4:22,26.55
Rural,3/13/2019 14:40,37.72
Rural,3/13/2019 6:41,26.09
Rural,3/18/2019 10:38,40.34
Rural,3/18/2019 16:59,33.72
Rural,3/2/2019 21:04,20.99
Rural,3/22/2019 22:20,38.3
Rural,3/24/2019 18:53,57.51
Rural,3/24/2019 7:34,19.89
Rural,3/25/2019 13:36,10.37
Rural,3/27/2019 12:07,34.42
Rural,3/27/2019 18:27,54.85
Rural,3/27/2019 21:07,11.87
Rural,3/27/2019 21:48,38.62
Rural,3/28/2019 0:12,35.45
Rural,3/29/2019 9:11,13.84
Rural,3/5/2019 21:19,38.18
Rural,3/5/2019 4:46,29.45
Rural,3/6/2019 20:06,48.11
Rural,3/6/2019 21:44,19.74
Rural,3/6/2019 9:09,44.17
Rural,3/7/2019 19:10,48.79
Rural,4/1/2019 13:39,26.73
Rural,4/1/2019 16:37,54.65
Rural,4/1/2019 9:32,21.63
Rural,4/10/2019 20:46,43.25
Rural,4/10/2019 9:47,19.07
Rural,4/12/2019 18:11,57.23
Rural,4/13/2019 11:13,43.22
Rural,4/13/2019 16:08,39.89
Rural,4/14/2019 7:06,11.94
Rural,4/16/2019 16:30,17.39
Rural,4/16/2019 21:12,24.1
Rural,4/17/2019 1:48,17.31
Rural,4/18/2019 19:26,30.94
Rural,4/18/2019 19:33,46.6
Rural,4/18/2019 19:43,42.97
Rural,4/19/2019 4:32,16.29
Rural,4/2/2019 10:26,14.11
Rural,4/2/2019 21:00,13.46
Rural,4/2/2019 9:17,47.07
Rural,4/21/2019 21:14,18.54
Rural,4/22/2019 16:56,38.46
Rural,4/22/2019 17:28,19.27
Rural,4/23/2019 12:21,25.94
Rural,4/25/2019 10:20,55.84
Rural,4/27/2019 17:58,14.01
Rural,4/27/2019 6:02,38.33
Rural,4/29/2019 17:04,13.38
Rural,4/29/2019 1:58,54.22
Rural,4/3/2019 5:41,38.92
Rural,4/30/2019 1:50,50.81
Rural,4/30/2019 21:26,37.33
Rural,4/4/2019 13:13,51.83
Rural,4/4/2019 1:58,43.86
Rural,4/5/2019 14:35,32.2
Rural,4/5/2019 21:38,50.98
Rural,4/6/2019 1:01,45.31
Rural,4/7/2019 21:12,49.7
Rural,4/7/2019 23:42,10.79
Rural,4/8/2019 13:46,55.19
Rural,5/1/2019 8:14,22.44
Rural,5/2/2019 11:57,52.71
Rural,5/5/2019 19:29,26.53
Rural,5/6/2019 0:58,41.18
Rural,5/6/2019 16:57,18.9
Rural,5/6/2019 8:57,51.8
Rural,5/7/2019 19:22,44.94
Suburban,1/1/2019 0:46,47.74
Suburban,1/1/2019 12:32,25.56
Suburban,1/1/2019 14:52,31.15
Suburban,1/1/2019 2:07,24.07
Suburban,1/10/2019 0:17,47.52
Suburban,1/10/2019 11:08,37.96
Suburban,1/10/2019 11:10,40.2
Suburban,1/10/2019 11:15,24.65
Suburban,1/10/2019 12:41,49.19
Suburban,1/10/2019 19:17,33.85
Suburban,1/10/2019 4:20,18.22
Suburban,1/10/2019 6:32,45.81
Suburban,1/10/2019 6:49,27.7
Suburban,1/10/2019 8:33,23.02
Suburban,1/11/2019 0:04,23.44
Suburban,1/11/2019 0:28,49.28
Suburban,1/11/2019 16:25,68.61
Suburban,1/11/2019 20:17,46.51
Suburban,1/11/2019 2:12,12.21
Suburban,1/12/2019 22:48,30.79
Suburban,1/12/2019 2:10,26.41
Suburban,1/13/2019 15:21,23.83
Suburban,1/13/2019 15:30,20.93
Suburban,1/13/2019 18:22,28.37
Suburban,1/13/2019 20:10,19.47
Suburban,1/13/2019 4:32,44.66
Suburban,1/14/2019 12:35,28.02
Suburban,1/14/2019 16:59,15.06
Suburban,1/14/2019 19:24,21.46
Suburban,1/14/2019 7:33,40.72
Suburban,1/14/2019 8:29,25.02
Suburban,1/15/2019 12:26,35.34
Suburban,1/15/2019 12:51,47.01
Suburban,1/15/2019 15:04,22.44
Suburban,1/15/2019 18:16,33.95
Suburban,1/15/2019 19:03,14.87
Suburban,1/15/2019 19:40,28.15
Suburban,1/15/2019 3:55,21.97
Suburban,1/15/2019 4:53,16.6
Suburban,1/16/2019 13:20,47.66
Suburban,1/16/2019 13:38,21.06
Suburban,1/16/2019 15:44,46.2
Suburban,1/16/2019 3:08,20.27
Suburban,1/17/2019 17:58,28.28
Suburban,1/17/2019 18:16,35.68
Suburban,1/17/2019 18:29,28.54
Suburban,1/17/2019 1:26,28.65
Suburban,1/17/2019 20:12,40.87
Suburban,1/17/2019 21:33,21.71
Suburban,1/17/2019 4:55,35.94
Suburban,1/17/2019 9:19,24.22
Suburban,1/18/2019 10:21,14.75
Suburban,1/18/2019 10:33,33.04
Suburban,1/18/2019 18:40,44.05
Suburban,1/18/2019 4:09,32.13
Suburban,1/18/2019 6:31,33.07
Suburban,1/19/2019 0:13,44.36
Suburban,1/19/2019 15:24,24.4
Suburban,1/19/2019 19:28,29.94
Suburban,1/19/2019 23:24,19.28
Suburban,1/19/2019 3:13,41.94
Suburban,1/2/2019 0:13,44.71
Suburban,1/2/2019 15:38,45.32
Suburban,1/2/2019 16:22,47.07
Suburban,1/2/2019 16:59,33.62
Suburban,1/2/2019 17:52,20.68
Suburban,1/2/2019 1:41,49.95
Suburban,1/2/2019 7:26,33.57
Suburban,1/20/2019 12:47,35.0
Suburban,1/20/2019 17:06,38.74
Suburban,1/20/2019 19:11,24.53
Suburban,1/20/2019 5:00,22.02
Suburban,1/20/2019 5:13,20.89
Suburban,1/20/2019 8:25,30.37
Suburban,1/21/2019 10:21,34.06
Suburban,1/21/2019 19:54,41.95
Suburban,1/22/2019 0:59,40.67
Suburban,1/22/2019 10:21,46.43
Suburban,1/22/2019 14:48,32.03
Suburban,1/22/2019 14:55,18.45
Suburban,1/22/2019 20:43,35.01
Suburban,1/22/2019 2:35,48.45
Suburban,1/23/2019 0:24,46.83
Suburban,1/23/2019 0:46,14.29
Suburban,1/23/2019 18:17,26.69
Suburban,1/23/2019 19:59,27.09
Suburban,1/23/2019 23:42,27.11
Suburban,1/23/2019 6:04,24.91
Suburban,1/24/2019 19:21,47.83
Suburban,1/24/2019 6:29,32.31
Suburban,1/24/2019 8:27,23.8
Suburban,1/25/2019 10:17,39.35
Suburban,1/25/2019 11:35,44.61
Suburban,1/25/2019 11:58,48.32
Suburban,1/25/2019 12:12,39.12
Suburban,1/25/2019 1:04,41.85
Suburban,1/25/2019 20:46,32.38
Suburban,1/25/2019 21:44,48.81
Suburban,1/25/2019 5:27,35.65
Suburban,1/25/2019 6:31,24.13
Suburban,1/26/2019 11:16,49.22
Suburban,1/26/2019 4:48,39.19
Suburban,1/26/2019 8:07,23.94
Suburban,1/27/2019 12:15,46.97
Suburban,1/27/2019 12:18,43.06
Suburban,1/27/2019 19:15,22.42
Suburban,1/27/2019 3:08,27.79
Suburban,1/27/2019 9:53,28.56
Suburban,1/28/2019 11:38,35.6
Suburban,1/28/2019 11:55,30.98
Suburban,1/28/2019 15:34,45.7
Suburban,1/28/2019 23:31,21.85
Suburban,1/28/2019 8:33,23.73
Suburban,1/29/2019 12:51,38.47
Suburban,1/29/2019 3:50,48.05
Suburban,1/29/2019 4:04,35.5
Suburban,1/3/2019 13:04,12.6
Suburban,1/3/2019 17:02,47.97
Suburban,1/3/2019 1:16,14.61
Suburban,1/3/2019 21:29,19.99
Suburban,1/3/2019 9:58,38.31
Suburban,1/30/2019 14:09,46.7
Suburban,1/30/2019 15:08,32.4
Suburban,1/30/2019 1:51,17.5
Suburban,1/30/2019 20:43,49.52
Suburban,1/30/2019 2:27,48.78
Suburban,1/30/2019 5:20,36.81
Suburban,1/31/2019 19:56,12.87
Suburban,1/31/2019 2:16,23.41
Suburban,1/4/2019 10:24,20.69
Suburban,1/5/2019 13:42,31.48
Suburban,1/5/2019 14:49,47.38
Suburban,1/5/2019 17:58,22.5
Suburban,1/6/2019 11:43,22.8
Suburban,1/6/2019 2:08,39.83
Suburban,1/7/2019 10:02,28.74
Suburban,1/7/2019 10:41,27.44
Suburban,1/7/2019 17:32,17.57
Suburban,1/7/2019 19:37,46.64
Suburban,1/7/2019 20:09,34.62
Suburban,1/8/2019 16:01,30.66
Suburban,1/8/2019 19:26,26.16
Suburban,1/9/2019 11:55,29.19
Suburban,1/9/2019 19:41,19.77
Suburban,1/9/2019 23:59,48.73
Suburban,1/9/2019 3:44,14.41
Suburban,1/9/2019 9:01,38.57
Suburban,2/1/2019 17:54,38.9
Suburban,2/1/2019 20:59,16.11
Suburban,2/1/2019 2:36,33.85
Suburban,2/1/2019 4:21,20.44
Suburban,2/1/2019 4:31,34.09
Suburban,2/1/2019 4:56,35.6
Suburban,2/10/2019 15:11,20.98
Suburban,2/10/2019 16:40,37.22
Suburban,2/10/2019 23:43,23.35
Suburban,2/10/2019 3:12,35.76
Suburban,2/10/2019 7:56,35.39
Suburban,2/11/2019 15:07,28.64
Suburban,2/11/2019 17:28,17.97
Suburban,2/11/2019 17:43,23.06
Suburban,2/11/2019 9:00,30.56
Suburban,2/12/2019 10:07,49.55
Suburban,2/12/2019 17:54,26.49
Suburban,2/12/2019 20:27,15.31
Suburban,2/12/2019 23:18,47.41
Suburban,2/12/2019 2:44,33.19
Suburban,2/12/2019 9:45,20.03
Suburban,2/13/2019 15:40,31.67
Suburban,2/13/2019 6:07,48.59
Suburban,2/13/2019 9:16,38.55
Suburban,2/13/2019 9:44,42.61
Suburban,2/14/2019 17:13,42.13
Suburban,2/14/2019 17:38,42.31
Suburban,2/14/2019 1:59,30.39
Suburban,2/14/2019 20:03,20.26
Suburban,2/14/2019 7:07,16.86
Suburban,2/15/2019 10:47,45.4
Suburban,2/15/2019 13:31,40.6
Suburban,2/16/2019 17:34,29.25
Suburban,2/16/2019 17:52,22.81
Suburban,2/16/2019 17:53,14.94
Suburban,2/16/2019 19:18,26.66
Suburban,2/16/2019 20:00,20.35
Suburban,2/16/2019 3:35,29.99
Suburban,2/16/2019 3:51,15.04
Suburban,2/16/2019 7:08,39.8
Suburban,2/16/2019 7:14,47.31
Suburban,2/17/2019 13:16,34.17
Suburban,2/17/2019 14:10,22.76
Suburban,2/17/2019 17:21,12.6
Suburban,2/17/2019 23:01,38.24
Suburban,2/18/2019 10:21,41.54
Suburban,2/18/2019 10:30,12.55
Suburban,2/18/2019 11:25,21.66
Suburban,2/18/2019 11:38,47.37
Suburban,2/18/2019 11:53,49.38
Suburban,2/18/2019 12:17,23.87
Suburban,2/18/2019 14:27,40.22
Suburban,2/18/2019 18:35,42.32
Suburban,2/18/2019 1:12,38.47
Suburban,2/18/2019 20:41,35.03
Suburban,2/18/2019 6:29,41.32
Suburban,2/18/2019 7:04,17.06
Suburban,2/18/2019 9:31,38.8
Suburban,2/19/2019 12:50,29.37
Suburban,2/19/2019 14:30,22.97
Suburban,2/19/2019 18:08,45.55
Suburban,2/19/2019 19:52,19.52
Suburban,2/19/2019 2:23,23.45
Suburban,2/19/2019 4:44,31.72
Suburban,2/19/2019 7:48,22.23
Suburban,2/19/2019 8:21,42.1
Suburban,2/2/2019 14:18,17.55
Suburban,2/2/2019 19:04,36.71
Suburban,2/2/2019 19:14,25.68
Suburban,2/2/2019 3:49,26.42
Suburban,2/2/2019 5:37,26.45
Suburban,2/20/2019 1:41,46.67
Suburban,2/20/2019 21:56,33.61
Suburban,2/20/2019 4:19,43.09
Suburban,2/21/2019 12:56,22.96
Suburban,2/21/2019 19:36,41.21
Suburban,2/21/2019 1:34,36.37
Suburban,2/21/2019 22:04,30.97
Suburban,2/21/2019 23:06,23.3
Suburban,2/22/2019 14:39,16.97
Suburban,2/22/2019 14:40,20.35
Suburban,2/22/2019 23:29,23.36
Suburban,2/22/2019 6:26,37.51
Suburban,2/23/2019 11:22,23.5
Suburban,2/23/2019 16:30,26.28
Suburban,2/23/2019 4:35,46.02
Suburban,2/24/2019 13:40,12.86
Suburban,2/24/2019 16:37,36.88
Suburban,2/24/2019 16:51,48.8
Suburban,2/24/2019 18:02,27.38
Suburban,2/24/2019 3:58,40.92
Suburban,2/24/2019 6:25,41.57
Suburban,2/24/2019 7:58,45.66
Suburban,2/25/2019 0:01,22.27
Suburban,2/25/2019 10:17,35.8
Suburban,2/25/2019 21:40,20.44
Suburban,2/25/2019 3:54,26.33
Suburban,2/26/2019 11:53,12.49
Suburban,2/26/2019 12:23,16.39
Suburban,2/26/2019 12:59,12.64
Suburban,2/26/2019 17:44,32.7
Suburban,2/26/2019 18:56,24.28
Suburban,2/27/2019 17:13,44.91
Suburban,2/27/2019 17:38,17.1
Suburban,2/27/2019 18:56,36.26
Suburban,2/28/2019 11:07,41.18
Suburban,2/28/2019 20:26,42.71
Suburban,2/28/2019 21:02,35.07
Suburban,2/28/2019 5:55,46.4
Suburban,2/28/2019 7:10,17.09
Suburban,2/28/2019 8:46,31.14
Suburban,2/3/2019 13:58,33.84
Suburban,2/3/2019 14:48,43.39
Suburban,2/3/2019 3:14,40.18
Suburban,2/3/2019 5:47,22.82
Suburban,2/3/2019 8:51,42.89
Suburban,2/4/2019 11:01,38.38
Suburban,2/4/2019 14:59,45.75
Suburban,2/4/2019 19:03,31.44
Suburban,2/4/2019 22:35,29.87
Suburban,2/4/2019 9:41,49.21
Suburban,2/5/2019 18:23,27.55
Suburban,2/5/2019 19:25,47.15
Suburban,2/5/2019 20:42,46.91
Suburban,2/5/2019 22:03,35.76
Suburban,2/5/2019 3:17,21.45
Suburban,2/6/2019 0:42,13.59
Suburban,2/6/2019 16:28,45.86
Suburban,2/6/2019 20:06,18.33
Suburban,2/6/2019 20:33,33.22
Suburban,2/6/2019 20:39,13.03
Suburban,2/6/2019 2:32,35.41
Suburban,2/7/2019 0:21,12.58
Suburban,2/7/2019 13:18,27.02
Suburban,2/7/2019 20:52,15.98
Suburban,2/7/2019 6:56,31.94
Suburban,2/8/2019 10:30,40.27
Suburban,2/8/2019 19:50,28.27
Suburban,2/8/2019 21:11,27.93
Suburban,2/9/2019 12:26,40.83
Suburban,2/9/2019 4:01,37.52
Suburban,2/9/2019 6:55,26.39
Suburban,3/1/2019 13:10,34.24
Suburban,3/1/2019 4:34,43.77
Suburban,3/10/2019 2:11,40.27
Suburban,3/12/2019 10:46,38.26
Suburban,3/12/2019 19:25,29.47
Suburban,3/12/2019 5:26,23.46
Suburban,3/12/2019 6:05,31.23
Suburban,3/13/2019 14:50,18.72
Suburban,3/13/2019 16:06,14.36
Suburban,3/13/2019 23:19,21.62
Suburban,3/13/2019 5:28,45.43
Suburban,3/13/2019 8:07,27.54
Suburban,3/14/2019 0:49,13.09
Suburban,3/14/2019 19:44,35.79
Suburban,3/14/2019 1:22,47.93
Suburban,3/14/2019 23:10,25.12
Suburban,3/14/2019 3:47,16.5
Suburban,3/14/2019 9:47,44.31
Suburban,3/15/2019 12:09,31.58
Suburban,3/15/2019 13:10,39.66
Suburban,3/15/2019 19:42,37.09
Suburban,3/15/2019 5:02,48.34
Suburban,3/15/2019 8:22,15.71
Suburban,3/16/2019 11:15,20.59
Suburban,3/16/2019 18:07,20.1
Suburban,3/16/2019 18:10,35.36
Suburban,3/16/2019 20:49,19.23
Suburban,3/16/2019 23:48,28.99
Suburban,3/17/2019 0:39,47.75
Suburban,3/17/2019 20:29,44.81
Suburban,3/17/2019 4:31,18.09
Suburban,3/17/2019 5:25,20.74
Suburban,3/17/2019 8:33,45.33
Suburban,3/18/2019 11:45,33.83
Suburban,3/18/2019 12:07,36.26
Suburban,3/18/2019 22:55,35.58
Suburban,3/18/2019 2:32,40.81
Suburban,3/18/2019 8:04,44.21
Suburban,3/19/2019 0:04,33.43
Suburban,3/19/2019 10:43,20.04
Suburban,3/19/2019 12:25,40.39
Suburban,3/19/2019 16:48,29.54
Suburban,3/19/2019 17:33,37.42
Suburban,3/19/2019 17:37,28.19
Suburban,3/19/2019 19:18,46.42
Suburban,3/19/2019 19:25,48.98
Suburban,3/19/2019 5:25,18.01
Suburban,3/19/2019 5:49,45.52
Suburban,3/19/2019 6:00,31.16
Suburban,3/19/2019 8:13,25.46
Suburban,3/19/2019 8:30,44.85
Suburban,3/2/2019 12:06,14.95
Suburban,3/2/2019 17:06,13.92
Suburban,3/2/2019 23:36,36.49
Suburban,3/2/2019 2:11,36.81
Suburban,3/2/2019 2:47,14.32
Suburban,3/2/2019 7:48,33.22
Suburban,3/20/2019 18:52,35.09
Suburban,3/20/2019 5:36,35.34
Suburban,3/21/2019 11:01,17.43
Suburban,3/21/2019 1:45,22.12
Suburban,3/21/2019 22:45,49.59
Suburban,3/22/2019 16:17,38.66
Suburban,3/22/2019 20:18,25.86
Suburban,3/22/2019 21:54,14.13
Suburban,3/22/2019 3:05,38.41
Suburban,3/22/2019 5:00,24.8
Suburban,3/23/2019 21:53,40.07
Suburban,3/23/2019 2:01,40.53
Suburban,3/23/2019 9:36,18.58
Suburban,3/24/2019 21:04,49.96
Suburban,3/24/2019 2:53,31.53
Suburban,3/25/2019 12:57,21.89
Suburban,3/25/2019 1:20,17.99
Suburban,3/25/2019 2:14,40.11
Suburban,3/25/2019 8:26,18.16
Suburban,3/26/2019 11:33,28.71
Suburban,3/26/2019 18:27,54.59
Suburban,3/26/2019 19:35,19.22
Suburban,3/26/2019 4:20,28.69
Suburban,3/26/2019 4:33,19.03
Suburban,3/26/2019 5:52,48.26
Suburban,3/26/2019 8:11,37.29
Suburban,3/26/2019 8:40,26.24
Suburban,3/27/2019 11:55,28.8
Suburban,3/27/2019 16:22,36.0
Suburban,3/27/2019 19:44,49.65
Suburban,3/27/2019 1:37,34.65
Suburban,3/27/2019 8:12,29.07
Suburban,3/27/2019 9:35,34.54
Suburban,3/28/2019 11:03,26.01
Suburban,3/28/2019 14:25,14.75
Suburban,3/28/2019 19:16,34.03
Suburban,3/28/2019 1:32,43.77
Suburban,3/28/2019 4:12,26.22
Suburban,3/28/2019 4:27,17.5
Suburban,3/29/2019 20:14,14.77
Suburban,3/29/2019 22:38,34.97
Suburban,3/29/2019 2:52,44.12
Suburban,3/29/2019 4:50,34.84
Suburban,3/29/2019 7:24,14.21
Suburban,3/29/2019 8:36,37.6
Suburban,3/3/2019 13:17,33.97
Suburban,3/3/2019 19:43,17.39
Suburban,3/3/2019 4:25,46.01
Suburban,3/3/2019 6:14,18.17
Suburban,3/30/2019 0:54,16.53
Suburban,3/30/2019 17:23,23.87
Suburban,3/30/2019 9:45,44.74
Suburban,3/31/2019 6:05,44.24
Suburban,3/4/2019 1:04,16.6
Suburban,3/4/2019 21:52,20.83
Suburban,3/4/2019 3:06,27.67
Suburban,3/4/2019 4:10,17.89
Suburban,3/5/2019 11:48,29.12
Suburban,3/5/2019 12:31,14.15
Suburban,3/5/2019 19:06,25.44
Suburban,3/5/2019 19:18,32.29
Suburban,3/5/2019 22:01,19.21
Suburban,3/5/2019 22:04,48.2
Suburban,3/5/2019 4:33,13.39
Suburban,3/6/2019 10:01,13.86
Suburban,3/6/2019 14:00,35.95
Suburban,3/6/2019 17:11,15.53
Suburban,3/6/2019 3:55,25.69
Suburban,3/6/2019 6:36,46.07
Suburban,3/6/2019 8:49,13.61
Suburban,3/7/2019 17:57,26.55
Suburban,3/7/2019 22:30,29.43
Suburban,3/7/2019 2:22,39.17
Suburban,3/7/2019 2:57,29.34
Suburban,3/8/2019 11:06,41.85
Suburban,3/8/2019 15:28,31.71
Suburban,3/8/2019 16:35,26.12
Suburban,3/8/2019 17:43,34.45
Suburban,3/8/2019 19:51,16.35
Suburban,3/8/2019 4:55,43.79
Suburban,3/8/2019 5:29,42.68
Suburban,3/9/2019 11:22,21.44
Suburban,3/9/2019 23:07,26.24
Suburban,3/9/2019 2:23,35.3
Suburban,3/9/2019 9:54,25.08
Suburban,4/1/2019 0:02,24.4
Suburban,4/1/2019 22:04,38.71
Suburban,4/1/2019 3:17,28.07
Suburban,4/1/2019 3:46,23.73
Suburban,4/10/2019 10:56,32.26
Suburban,4/10/2019 20:04,35.83
Suburban,4/10/2019 20:44,21.38
Suburban,4/10/2019 23:05,48.31
Suburban,4/10/2019 3:39,34.14
Suburban,4/10/2019 4:41,38.08
Suburban,4/10/2019 6:25,30.41
Suburban,4/11/2019 3:24,34.4
Suburban,4/12/2019 14:30,37.37
Suburban,4/12/2019 15:01,49.15
Suburban,4/12/2019 15:21,17.26
Suburban,4/12/2019 6:51,33.18
Suburban,4/13/2019 23:28,25.61
Suburban,4/13/2019 7:09,24.9
Suburban,4/14/2019 18:06,41.17
Suburban,4/14/2019 21:00,49.85
Suburban,4/14/2019 2:15,15.17
Suburban,4/15/2019 0:07,32.13
Suburban,4/15/2019 16:39,45.64
Suburban,4/15/2019 19:22,27.16
Suburban,4/15/2019 4:12,47.17
Suburban,4/15/2019 8:06,23.06
Suburban,4/16/2019 18:17,42.08
Suburban,4/16/2019 21:06,42.94
Suburban,4/17/2019 19:11,30.81
Suburban,4/17/2019 20:06,39.47
Suburban,4/17/2019 22:37,28.68
Suburban,4/17/2019 23:24,20.51
Suburban,4/17/2019 5:45,32.72
Suburban,4/18/2019 0:06,26.98
Suburban,4/18/2019 0:52,12.05
Suburban,4/18/2019 15:43,47.3
Suburban,4/19/2019 10:36,28.28
Suburban,4/19/2019 14:47,44.82
Suburban,4/19/2019 17:18,29.27
Suburban,4/19/2019 19:05,29.12
Suburban,4/19/2019 1:06,37.78
Suburban,4/19/2019 1:08,21.92
Suburban,4/19/2019 20:01,34.93
Suburban,4/19/2019 21:05,22.42
Suburban,4/19/2019 21:55,24.58
Suburban,4/19/2019 5:52,44.24
Suburban,4/19/2019 7:57,17.27
Suburban,4/19/2019 9:25,17.51
Suburban,4/2/2019 12:23,49.33
Suburban,4/2/2019 16:29,33.41
Suburban,4/2/2019 17:12,12.19
Suburban,4/2/2019 19:38,28.55
Suburban,4/2/2019 1:04,20.0
Suburban,4/2/2019 3:59,16.63
Suburban,4/2/2019 4:02,23.78
Suburban,4/2/2019 4:29,34.38
Suburban,4/2/2019 8:53,21.31
Suburban,4/20/2019 0:03,23.58
Suburban,4/20/2019 10:09,46.8
Suburban,4/20/2019 2:52,51.65
Suburban,4/20/2019 3:18,41.85
Suburban,4/20/2019 3:54,21.23
Suburban,4/20/2019 4:56,37.15
Suburban,4/20/2019 7:06,46.24
Suburban,4/21/2019 15:21,12.13
Suburban,4/21/2019 3:08,17.8
Suburban,4/22/2019 12:38,16.31
Suburban,4/22/2019 1:33,46.5
Suburban,4/22/2019 20:56,44.68
Suburban,4/22/2019 3:14,31.24
Suburban,4/22/2019 7:16,31.43
Suburban,4/23/2019 14:20,33.66
Suburban,4/23/2019 16:05,42.26
Suburban,4/23/2019 17:09,16.1
Suburban,4/23/2019 20:31,34.87
Suburban,4/23/2019 20:34,47.51
Suburban,4/23/2019 4:56,47.08
Suburban,4/24/2019 10:06,45.92
Suburban,4/24/2019 10:29,42.58
Suburban,4/24/2019 12:24,37.71
Suburban,4/24/2019 19:16,49.45
Suburban,4/24/2019 8:08,18.22
Suburban,4/24/2019 8:51,26.84
Suburban,4/25/2019 11:50,38.81
Suburban,4/25/2019 17:18,32.93
Suburban,4/25/2019 18:21,24.51
Suburban,4/25/2019 19:11,36.13
Suburban,4/25/2019 7:08,23.6
Suburban,4/26/2019 23:15,33.74
Suburban,4/26/2019 2:02,27.2
Suburban,4/26/2019 3:30,30.75
Suburban,4/26/2019 8:14,40.76
Suburban,4/27/2019 10:17,20.41
Suburban,4/27/2019 14:37,45.77
Suburban,4/27/2019 19:45,28.84
Suburban,4/27/2019 23:52,45.98
Suburban,4/27/2019 2:28,14.01
Suburban,4/27/2019 5:31,36.11
Suburban,4/27/2019 6:20,28.29
Suburban,4/27/2019 7:18,18.56
Suburban,4/27/2019 7:34,30.28
Suburban,4/28/2019 0:56,26.61
Suburban,4/28/2019 11:40,43.22
Suburban,4/28/2019 11:49,39.19
Suburban,4/28/2019 17:38,34.87
Suburban,4/28/2019 19:35,16.96
Suburban,4/28/2019 4:21,27.86
Suburban,4/29/2019 16:20,28.43
Suburban,4/29/2019 22:08,25.75
Suburban,4/29/2019 23:10,29.39
Suburban,4/29/2019 2:04,31.59
Suburban,4/29/2019 6:08,17.99
Suburban,4/29/2019 7:09,34.77
Suburban,4/3/2019 12:18,26.93
Suburban,4/3/2019 17:52,21.29
Suburban,4/3/2019 22:33,15.59
Suburban,4/3/2019 3:27,12.76
Suburban,4/30/2019 10:54,41.25
Suburban,4/30/2019 11:42,14.56
Suburban,4/30/2019 19:49,27.99
Suburban,4/30/2019 20:45,22.26
Suburban,4/4/2019 10:59,23.38
Suburban,4/4/2019 21:05,23.79
Suburban,4/4/2019 21:13,21.56
Suburban,4/4/2019 3:48,18.77
Suburban,4/4/2019 6:02,16.9
Suburban,4/5/2019 11:36,28.07
Suburban,4/5/2019 14:12,33.5
Suburban,4/5/2019 1:38,19.57
Suburban,4/5/2019 5:23,43.91
Suburban,4/6/2019 10:06,38.39
Suburban,4/6/2019 11:22,43.21
Suburban,4/6/2019 15:38,17.99
Suburban,4/6/2019 20:29,40.55
Suburban,4/6/2019 3:38,18.11
Suburban,4/7/2019 0:32,36.32
Suburban,4/7/2019 0:42,35.76
Suburban,4/7/2019 14:43,21.95
Suburban,4/7/2019 19:44,18.75
Suburban,4/7/2019 3:41,13.71
Suburban,4/7/2019 6:31,18.98
Suburban,4/7/2019 6:35,46.5
Suburban,4/8/2019 14:44,46.37
Suburban,4/8/2019 18:59,21.29
Suburban,4/8/2019 19:51,35.16
Suburban,4/8/2019 20:02,35.64
Suburban,4/9/2019 15:34,27.66
Suburban,4/9/2019 1:04,29.03
Suburban,4/9/2019 20:40,21.2
Suburban,5/1/2019 14:27,26.26
Suburban,5/1/2019 17:35,39.29
Suburban,5/1/2019 20:10,13.17
Suburban,5/1/2019 5:16,14.2
Suburban,5/1/2019 9:07,23.69
Suburban,5/1/2019 9:45,26.92
Suburban,5/2/2019 11:40,13.08
Suburban,5/2/2019 15:30,21.33
Suburban,5/2/2019 19:14,35.54
Suburban,5/2/2019 19:37,36.59
Suburban,5/2/2019 19:46,19.41
Suburban,5/2/2019 19:48,23.06
Suburban,5/2/2019 21:53,28.99
Suburban,5/2/2019 3:14,48.63
Suburban,5/2/2019 6:15,47.44
Suburban,5/3/2019 12:23,48.56
Suburban,5/3/2019 18:09,48.24
Suburban,5/3/2019 21:53,34.08
Suburban,5/3/2019 2:01,41.62
Suburban,5/3/2019 4:50,40.85
Suburban,5/3/2019 8:35,13.36
Suburban,5/4/2019 23:18,39.07
Suburban,5/4/2019 2:14,40.02
Suburban,5/4/2019 4:24,12.62
Suburban,5/5/2019 20:48,25.19
Suburban,5/5/2019 23:39,12.45
Suburban,5/5/2019 4:03,30.38
Suburban,5/5/2019 5:25,16.77
Suburban,5/5/2019 5:58,18.48
Suburban,5/5/2019 7:51,36.08
Suburban,5/5/2019 8:45,15.43
Suburban,5/6/2019 22:39,34.12
Suburban,5/7/2019 12:33,21.72
Suburban,5/7/2019 13:29,38.74
Suburban,5/7/2019 13:31,42.48
Suburban,5/7/2019 14:00,26.3
Suburban,5/7/2019 14:38,13.05
Suburban,5/7/2019 15:34,44.87
Suburban,5/7/2019 19:45,26.11
Suburban,5/7/2019 20:40,24.89
Suburban,5/7/2019 2:49,15.41
Suburban,5/7/2019 7:08,20.52
Urban,1/1/2019 0:08,37.91
Urban,1/1/2019 14:40,5.42
Urban,1/1/2019 14:42,12.31
Urban,1/1/2019 17:22,42.11
Urban,1/1/2019 21:04,11.71
Urban,1/1/2019 3:46,7.57
Urban,1/1/2019 5:23,10.75
Urban,1/10/2019 12:17,12.74
Urban,1/10/2019 17:29,19.91
Urban,1/10/2019 23:48,37.58
Urban,1/10/2019 2:31,32.34
Urban,1/10/2019 2:57,37.03
Urban,1/10/2019 3:37,23.62
Urban,1/10/2019 9:40,43.01
Urban,1/11/2019 10:41,8.02
Urban,1/11/2019 11:02,39.99
Urban,1/11/2019 11:10,5.16
Urban,1/11/2019 12:59,37.44
Urban,1/11/2019 14:18,23.21
Urban,1/11/2019 14:23,43.07
Urban,1/11/2019 17:15,36.78
Urban,1/11/2019 18:44,27.41
Urban,1/11/2019 19:18,31.31
Urban,1/11/2019 1:36,25.07
Urban,1/11/2019 21:37,44.76
Urban,1/11/2019 2:22,29.24
Urban,1/11/2019 4:27,44.34
Urban,1/11/2019 5:08,19.64
Urban,1/11/2019 9:50,18.42
Urban,1/12/2019 12:45,5.77
Urban,1/12/2019 16:34,31.98
Urban,1/12/2019 19:19,9.97
Urban,1/12/2019 19:38,37.66
Urban,1/12/2019 1:19,10.64
Urban,1/12/2019 1:28,37.73
Urban,1/12/2019 1:45,26.86
Urban,1/12/2019 1:55,20.46
Urban,1/12/2019 20:07,17.85
Urban,1/12/2019 23:20,21.64
Urban,1/12/2019 4:35,24.83
Urban,1/12/2019 5:07,36.82
Urban,1/12/2019 5:52,42.31
Urban,1/12/2019 6:17,7.05
Urban,1/12/2019 7:32,39.45
Urban,1/12/2019 9:42,20.82
Urban,1/13/2019 0:03,9.37
Urban,1/13/2019 10:08,25.81
Urban,1/13/2019 13:34,24.81
Urban,1/13/2019 16:04,23.35
Urban,1/13/2019 16:18,16.92
Urban,1/13/2019 18:33,29.9
Urban,1/13/2019 1:03,17.33
Urban,1/13/2019 23:53,41.86
Urban,1/14/2019 10:14,13.83
Urban,1/14/2019 10:53,19.68
Urban,1/14/2019 11:00,19.81
Urban,1/14/2019 17:06,40.65
Urban,1/14/2019 18:07,9.71
Urban,1/14/2019 18:26,41.66
Urban,1/14/2019 1:15,24.82
Urban,1/14/2019 20:49,40.21
Urban,1/14/2019 20:53,26.58
Urban,1/14/2019 22:04,24.14
Urban,1/14/2019 2:07,24.71
Urban,1/14/2019 3:43,31.88
Urban,1/14/2019 9:19,43.27
Urban,1/15/2019 0:10,44.33
Urban,1/15/2019 11:44,40.69
Urban,1/15/2019 11:49,21.44
Urban,1/15/2019 14:51,13.38
Urban,1/15/2019 15:27,27.24
Urban,1/15/2019 18:25,11.71
Urban,1/15/2019 18:45,40.32
Urban,1/15/2019 21:21,13.43
Urban,1/15/2019 21:25,30.42
Urban,1/15/2019 2:30,21.95
Urban,1/15/2019 2:59,19.52
Urban,1/15/2019 5:51,5.58
Urban,1/15/2019 6:27,24.13
Urban,1/15/2019 7:42,30.93
Urban,1/15/2019 7:55,14.55
Urban,1/15/2019 8:14,33.91
Urban,1/15/2019 8:50,4.1
Urban,1/16/2019 11:59,20.07
Urban,1/16/2019 13:52,41.26
Urban,1/16/2019 16:17,7.04
Urban,1/16/2019 17:13,22.26
Urban,1/16/2019 21:55,6.02
Urban,1/16/2019 22:42,11.97
Urban,1/16/2019 2:06,4.89
Urban,1/16/2019 3:42,7.08
Urban,1/16/2019 3:43,14.93
Urban,1/16/2019 6:23,25.97
Urban,1/16/2019 8:38,31.34
Urban,1/16/2019 9:27,26.27
Urban,1/17/2019 10:15,40.82
Urban,1/17/2019 11:37,8.68
Urban,1/17/2019 12:10,41.48
Urban,1/17/2019 12:18,11.6
Urban,1/17/2019 13:15,28.42
Urban,1/17/2019 14:08,27.92
Urban,1/17/2019 14:30,9.04
Urban,1/17/2019 16:17,33.29
Urban,1/17/2019 17:07,24.86
Urban,1/17/2019 17:45,23.46
Urban,1/17/2019 18:14,18.27
Urban,1/17/2019 21:35,24.84
Urban,1/17/2019 2:00,34.55
Urban,1/17/2019 2:12,32.19
Urban,1/17/2019 3:43,5.78
Urban,1/17/2019 4:00,32.29
Urban,1/17/2019 4:56,12.71
Urban,1/17/2019 5:32,7.87
Urban,1/17/2019 9:28,24.19
Urban,1/18/2019 0:03,32.11
Urban,1/18/2019 10:57,16.96
Urban,1/18/2019 10:59,4.66
Urban,1/18/2019 11:45,19.98
Urban,1/18/2019 12:47,43.85
Urban,1/18/2019 12:48,15.36
Urban,1/18/2019 15:26,20.68
Urban,1/18/2019 20:09,10.98
Urban,1/18/2019 2:32,31.92
Urban,1/18/2019 6:04,5.69
Urban,1/18/2019 7:41,23.35
Urban,1/19/2019 0:36,40.4
Urban,1/19/2019 13:08,4.86
Urban,1/19/2019 19:40,6.71
Urban,1/19/2019 19:54,38.58
Urban,1/19/2019 23:06,15.83
Urban,1/2/2019 0:44,43.72
Urban,1/2/2019 0:56,37.34
Urban,1/2/2019 11:51,7.45
Urban,1/2/2019 14:14,13.89
Urban,1/2/2019 1:46,34.79
Urban,1/2/2019 20:08,10.19
Urban,1/2/2019 20:52,33.08
Urban,1/2/2019 21:27,19.57
Urban,1/2/2019 23:23,36.13
Urban,1/2/2019 6:55,16.96
Urban,1/2/2019 9:28,19.81
Urban,1/2/2019 9:57,33.06
Urban,1/20/2019 12:13,6.66
Urban,1/20/2019 17:35,24.0
Urban,1/20/2019 18:47,18.79
Urban,1/20/2019 1:27,38.39
Urban,1/20/2019 1:34,38.66
Urban,1/20/2019 23:10,25.94
Urban,1/20/2019 5:30,34.72
Urban,1/21/2019 11:49,27.68
Urban,1/21/2019 12:12,37.25
Urban,1/21/2019 12:14,8.07
Urban,1/21/2019 12:52,14.09
Urban,1/21/2019 14:48,19.44
Urban,1/21/2019 16:07,62.08
Urban,1/21/2019 16:26,22.86
Urban,1/21/2019 17:04,18.3
Urban,1/21/2019 17:21,27.11
Urban,1/21/2019 19:25,23.14
Urban,1/21/2019 1:50,42.75
Urban,1/21/2019 20:51,33.47
Urban,1/21/2019 21:00,33.06
Urban,1/21/2019 23:20,10.91
Urban,1/21/2019 2:29,32.92
Urban,1/21/2019 3:20,28.59
Urban,1/21/2019 4:12,9.26
Urban,1/21/2019 4:20,21.81
Urban,1/21/2019 5:10,32.68
Urban,1/21/2019 9:48,22.36
Urban,1/22/2019 13:10,24.17
Urban,1/22/2019 13:11,24.72
Urban,1/22/2019 17:25,31.68
Urban,1/22/2019 2:15,17.74
Urban,1/22/2019 2:28,32.18
Urban,1/22/2019 9:08,38.3
Urban,1/23/2019 10:13,10.12
Urban,1/23/2019 12:32,23.24
Urban,1/23/2019 13:00,42.45
Urban,1/23/2019 13:23,37.68
Urban,1/23/2019 17:51,19.62
Urban,1/23/2019 18:16,21.64
Urban,1/23/2019 20:35,39.95
Urban,1/23/2019 21:22,6.54
Urban,1/23/2019 21:23,30.93
Urban,1/23/2019 21:43,21.11
Urban,1/23/2019 22:51,21.95
Urban,1/23/2019 23:30,37.62
Urban,1/23/2019 5:22,40.17
Urban,1/23/2019 5:56,22.54
Urban,1/23/2019 5:58,32.77
Urban,1/23/2019 9:08,35.51
Urban,1/24/2019 10:16,8.83
Urban,1/24/2019 12:24,34.65
Urban,1/24/2019 16:52,31.4
Urban,1/24/2019 17:07,42.36
Urban,1/24/2019 19:32,38.79
Urban,1/24/2019 1:46,40.15
Urban,1/24/2019 5:58,9.21
Urban,1/24/2019 7:08,17.83
Urban,1/24/2019 7:48,9.39
Urban,1/25/2019 0:47,41.17
Urban,1/25/2019 12:19,41.05
Urban,1/25/2019 12:29,20.03
Urban,1/25/2019 13:17,28.14
Urban,1/25/2019 15:19,15.04
Urban,1/25/2019 15:35,14.52
Urban,1/25/2019 1:33,44.75
Urban,1/25/2019 1:59,26.03
Urban,1/25/2019 20:18,23.27
Urban,1/25/2019 3:33,19.6
Urban,1/25/2019 5:04,38.15
Urban,1/25/2019 6:48,14.65
Urban,1/25/2019 8:14,31.02
Urban,1/26/2019 14:42,11.13
Urban,1/26/2019 19:19,13.77
Urban,1/26/2019 21:29,14.68
Urban,1/26/2019 2:37,5.59
Urban,1/27/2019 0:57,28.46
Urban,1/27/2019 13:10,30.16
Urban,1/27/2019 13:40,38.97
Urban,1/27/2019 14:46,29.08
Urban,1/27/2019 14:49,23.09
Urban,1/27/2019 15:52,41.76
Urban,1/27/2019 19:38,15.45
Urban,1/27/2019 19:45,13.4
Urban,1/27/2019 1:01,24.56
Urban,1/27/2019 4:30,29.05
Urban,1/27/2019 5:35,5.21
Urban,1/27/2019 7:35,28.41
Urban,1/27/2019 8:09,29.36
Urban,1/27/2019 8:52,7.65
Urban,1/27/2019 9:35,9.24
Urban,1/28/2019 0:07,5.67
Urban,1/28/2019 10:23,21.72
Urban,1/28/2019 15:40,44.91
Urban,1/28/2019 15:49,25.98
Urban,1/28/2019 22:09,28.11
Urban,1/28/2019 22:22,5.58
Urban,1/28/2019 23:59,15.49
Urban,1/28/2019 2:32,23.95
Urban,1/28/2019 3:13,31.65
Urban,1/28/2019 9:57,42.24
Urban,1/29/2019 0:19,41.05
Urban,1/29/2019 11:26,35.23
Urban,1/29/2019 13:01,9.81
Urban,1/29/2019 16:12,17.57
Urban,1/29/2019 20:13,43.12
Urban,1/29/2019 20:40,9.79
Urban,1/29/2019 21:11,25.39
Urban,1/29/2019 23:28,41.06
Urban,1/29/2019 2:13,7.58
Urban,1/29/2019 6:40,26.79
Urban,1/29/2019 7:28,41.62
Urban,1/29/2019 8:17,38.68
Urban,1/3/2019 10:03,17.16
Urban,1/3/2019 15:37,17.61
Urban,1/3/2019 16:19,18.93
Urban,1/3/2019 1:03,17.97
Urban,1/3/2019 1:06,5.32
Urban,1/3/2019 21:45,36.28
Urban,1/3/2019 22:50,5.81
Urban,1/3/2019 23:11,4.95
Urban,1/3/2019 5:45,25.47
Urban,1/3/2019 5:56,37.4
Urban,1/3/2019 6:18,39.16
Urban,1/3/2019 6:49,34.42
Urban,1/30/2019 10:51,8.79
Urban,1/30/2019 11:32,43.02
Urban,1/30/2019 12:34,16.99
Urban,1/30/2019 12:35,8.57
Urban,1/30/2019 12:59,30.84
Urban,1/30/2019 15:21,7.02
Urban,1/30/2019 15:37,25.64
Urban,1/30/2019 17:41,36.78
Urban,1/30/2019 18:08,19.13
Urban,1/30/2019 18:20,16.5
Urban,1/30/2019 18:46,32.31
Urban,1/30/2019 1:19,38.78
Urban,1/30/2019 21:18,8.87
Urban,1/30/2019 21:46,29.09
Urban,1/30/2019 22:09,6.32
Urban,1/30/2019 8:11,16.85
Urban,1/30/2019 8:51,22.9
Urban,1/31/2019 11:17,23.36
Urban,1/31/2019 13:24,38.28
Urban,1/31/2019 14:51,43.92
Urban,1/31/2019 15:03,20.36
Urban,1/31/2019 15:50,36.28
Urban,1/31/2019 17:10,9.67
Urban,1/31/2019 23:20,14.82
Urban,1/31/2019 23:29,13.69
Urban,1/31/2019 2:31,6.8
Urban,1/31/2019 2:49,19.23
Urban,1/31/2019 2:51,21.75
Urban,1/31/2019 5:16,39.23
Urban,1/31/2019 5:32,20.8
Urban,1/31/2019 9:17,14.11
Urban,1/4/2019 13:30,4.56
Urban,1/4/2019 15:56,31.99
Urban,1/4/2019 16:38,37.2
Urban,1/4/2019 20:45,20.33
Urban,1/4/2019 21:06,34.77
Urban,1/4/2019 23:57,24.37
Urban,1/4/2019 2:56,32.75
Urban,1/4/2019 3:16,9.1
Urban,1/4/2019 4:30,15.47
Urban,1/4/2019 6:10,35.35
Urban,1/4/2019 9:32,12.25
Urban,1/5/2019 0:44,21.59
Urban,1/5/2019 10:59,16.22
Urban,1/5/2019 11:31,13.14
Urban,1/5/2019 14:35,5.92
Urban,1/5/2019 15:36,37.91
Urban,1/5/2019 16:36,39.44
Urban,1/5/2019 16:39,26.72
Urban,1/5/2019 17:16,44.68
Urban,1/5/2019 17:44,28.79
Urban,1/5/2019 17:50,41.55
Urban,1/5/2019 18:22,35.35
Urban,1/5/2019 19:32,27.02
Urban,1/5/2019 22:21,33.51
Urban,1/5/2019 5:02,34.11
Urban,1/5/2019 5:57,39.9
Urban,1/5/2019 8:35,21.57
Urban,1/5/2019 9:33,39.47
Urban,1/6/2019 12:30,27.71
Urban,1/6/2019 13:23,11.01
Urban,1/6/2019 20:14,43.5
Urban,1/6/2019 20:15,21.19
Urban,1/6/2019 20:23,28.74
Urban,1/6/2019 2:20,27.2
Urban,1/6/2019 8:34,43.05
Urban,1/7/2019 12:05,7.86
Urban,1/7/2019 15:53,20.01
Urban,1/7/2019 18:47,43.61
Urban,1/7/2019 19:02,16.26
Urban,1/7/2019 19:34,21.5
Urban,1/7/2019 20:03,20.49
Urban,1/7/2019 20:29,5.56
Urban,1/7/2019 2:17,6.54
Urban,1/7/2019 2:23,24.5
Urban,1/7/2019 5:12,15.22
Urban,1/7/2019 5:43,19.08
Urban,1/7/2019 9:41,17.39
Urban,1/8/2019 0:29,29.4
Urban,1/8/2019 11:48,39.81
Urban,1/8/2019 13:51,9.5
Urban,1/8/2019 17:33,43.75
Urban,1/8/2019 18:59,13.34
Urban,1/8/2019 23:32,10.74
Urban,1/8/2019 23:51,42.13
Urban,1/8/2019 3:28,35.09
Urban,1/8/2019 5:21,25.84
Urban,1/8/2019 5:59,13.01
Urban,1/8/2019 8:25,37.78
Urban,1/8/2019 8:49,22.64
Urban,1/8/2019 9:03,32.99
Urban,1/8/2019 9:38,23.77
Urban,1/9/2019 15:10,40.73
Urban,1/9/2019 15:24,44.46
Urban,1/9/2019 1:48,10.68
Urban,1/9/2019 20:31,21.13
Urban,1/9/2019 20:59,44.44
Urban,1/9/2019 22:56,15.31
Urban,1/9/2019 7:00,13.55
Urban,1/9/2019 8:20,41.04
Urban,2/1/2019 11:28,26.72
Urban,2/1/2019 11:37,30.94
Urban,2/1/2019 12:52,39.27
Urban,2/1/2019 14:11,9.68
Urban,2/1/2019 16:39,37.7
Urban,2/1/2019 19:45,31.64
Urban,2/1/2019 20:17,32.9
Urban,2/1/2019 20:18,10.26
Urban,2/1/2019 21:16,31.07
Urban,2/1/2019 22:32,28.37
Urban,2/1/2019 22:43,32.03
Urban,2/1/2019 3:23,22.39
Urban,2/1/2019 5:51,13.86
Urban,2/10/2019 12:42,6.69
Urban,2/10/2019 13:50,11.24
Urban,2/10/2019 19:41,8.42
Urban,2/10/2019 20:19,31.38
Urban,2/10/2019 20:42,36.17
Urban,2/10/2019 23:22,23.44
Urban,2/10/2019 23:32,25.79
Urban,2/10/2019 2:55,24.39
Urban,2/10/2019 6:34,25.36
Urban,2/10/2019 8:14,40.82
Urban,2/10/2019 9:16,38.54
Urban,2/11/2019 0:24,43.19
Urban,2/11/2019 11:59,38.0
Urban,2/11/2019 18:51,43.26
Urban,2/11/2019 20:25,33.21
Urban,2/11/2019 21:07,4.75
Urban,2/11/2019 23:07,10.05
Urban,2/11/2019 3:01,35.89
Urban,2/11/2019 3:46,30.41
Urban,2/11/2019 5:48,15.55
Urban,2/11/2019 8:12,28.03
Urban,2/12/2019 14:24,11.7
Urban,2/12/2019 16:31,28.92
Urban,2/12/2019 16:32,30.22
Urban,2/12/2019 16:33,22.64
Urban,2/12/2019 18:45,6.76
Urban,2/12/2019 1:18,44.33
Urban,2/12/2019 1:20,14.8
Urban,2/12/2019 20:45,25.58
Urban,2/12/2019 22:04,23.69
Urban,2/12/2019 22:59,5.54
Urban,2/12/2019 3:42,5.78
Urban,2/12/2019 6:52,36.01
Urban,2/12/2019 7:41,27.7
Urban,2/12/2019 7:58,37.0
Urban,2/13/2019 10:29,7.43
Urban,2/13/2019 11:01,43.96
Urban,2/13/2019 11:40,16.79
Urban,2/13/2019 12:46,14.0
Urban,2/13/2019 16:46,44.33
Urban,2/13/2019 17:32,25.72
Urban,2/13/2019 20:07,33.72
Urban,2/13/2019 23:56,10.18
Urban,2/13/2019 3:55,24.16
Urban,2/13/2019 9:20,32.64
Urban,2/14/2019 11:25,39.4
Urban,2/14/2019 11:29,4.11
Urban,2/14/2019 13:00,42.04
Urban,2/14/2019 14:00,39.53
Urban,2/14/2019 14:40,11.06
Urban,2/14/2019 18:21,43.93
Urban,2/14/2019 19:48,24.49
Urban,2/14/2019 22:52,30.0
Urban,2/14/2019 2:51,27.16
Urban,2/14/2019 3:27,44.11
Urban,2/14/2019 4:42,18.38
Urban,2/14/2019 5:24,19.42
Urban,2/14/2019 5:55,42.5
Urban,2/15/2019 0:51,36.7
Urban,2/15/2019 14:32,17.35
Urban,2/15/2019 15:13,44.03
Urban,2/15/2019 17:00,25.84
Urban,2/15/2019 23:58,28.18
Urban,2/15/2019 2:10,42.61
Urban,2/15/2019 2:18,15.93
Urban,2/15/2019 4:21,12.28
Urban,2/15/2019 6:49,22.75
Urban,2/15/2019 8:01,44.12
Urban,2/15/2019 9:18,4.63
Urban,2/16/2019 10:23,14.95
Urban,2/16/2019 12:22,30.23
Urban,2/16/2019 13:52,17.92
Urban,2/16/2019 15:06,37.75
Urban,2/16/2019 17:25,15.33
Urban,2/16/2019 1:49,17.58
Urban,2/16/2019 21:02,34.42
Urban,2/16/2019 2:04,20.64
Urban,2/16/2019 2:15,12.15
Urban,2/16/2019 2:35,9.48
Urban,2/16/2019 4:31,24.31
Urban,2/17/2019 0:27,35.11
Urban,2/17/2019 10:04,10.52
Urban,2/17/2019 13:21,32.44
Urban,2/17/2019 15:51,25.33
Urban,2/17/2019 19:23,37.19
Urban,2/17/2019 21:48,34.27
Urban,2/17/2019 2:06,39.7
Urban,2/17/2019 3:30,4.4
Urban,2/17/2019 5:01,22.66
Urban,2/17/2019 5:30,11.7
Urban,2/17/2019 5:51,21.74
Urban,2/17/2019 6:28,41.49
Urban,2/17/2019 7:39,17.03
Urban,2/17/2019 7:58,44.47
Urban,2/17/2019 8:20,37.44
Urban,2/17/2019 9:54,30.25
Urban,2/17/2019 9:55,18.08
Urban,2/18/2019 11:51,44.97
Urban,2/18/2019 11:58,23.98
Urban,2/18/2019 14:47,20.16
Urban,2/18/2019 15:01,43.47
Urban,2/18/2019 18:49,39.06
Urban,2/18/2019 19:28,44.08
Urban,2/18/2019 21:09,39.97
Urban,2/18/2019 23:43,38.97
Urban,2/18/2019 2:03,8.32
Urban,2/18/2019 2:31,18.75
Urban,2/18/2019 3:09,31.49
Urban,2/18/2019 7:47,20.62
Urban,2/18/2019 8:17,38.09
Urban,2/18/2019 9:22,25.02
Urban,2/19/2019 0:53,40.64
Urban,2/19/2019 11:01,17.77
Urban,2/19/2019 13:19,33.07
Urban,2/19/2019 13:59,21.27
Urban,2/19/2019 14:09,27.11
Urban,2/19/2019 16:11,12.25
Urban,2/19/2019 16:22,36.39
Urban,2/19/2019 19:49,40.98
Urban,2/19/2019 20:47,28.62
Urban,2/19/2019 20:48,4.07
Urban,2/19/2019 20:56,17.41
Urban,2/19/2019 21:08,7.64
Urban,2/19/2019 22:53,27.9
Urban,2/19/2019 2:20,39.59
Urban,2/19/2019 2:25,26.83
Urban,2/19/2019 3:19,7.05
Urban,2/19/2019 4:01,36.27
Urban,2/19/2019 4:45,15.87
Urban,2/19/2019 8:25,13.02
Urban,2/2/2019 11:56,12.77
Urban,2/2/2019 12:51,42.52
Urban,2/2/2019 14:14,41.47
Urban,2/2/2019 14:50,10.54
Urban,2/2/2019 16:37,17.19
Urban,2/2/2019 1:57,39.28
Urban,2/2/2019 23:09,7.12
Urban,2/2/2019 2:52,29.07
Urban,2/2/2019 3:52,22.53
Urban,2/20/2019 10:47,17.07
Urban,2/20/2019 15:05,31.31
Urban,2/20/2019 15:23,26.9
Urban,2/20/2019 16:59,24.29
Urban,2/20/2019 18:45,28.24
Urban,2/20/2019 19:14,38.28
Urban,2/20/2019 19:32,13.34
Urban,2/20/2019 1:05,19.65
Urban,2/20/2019 4:27,27.1
Urban,2/20/2019 6:07,8.44
Urban,2/20/2019 9:30,28.13
Urban,2/20/2019 9:42,41.16
Urban,2/21/2019 10:56,4.9
Urban,2/21/2019 12:29,27.68
Urban,2/21/2019 13:09,7.49
Urban,2/21/2019 13:51,29.99
Urban,2/21/2019 15:09,23.48
Urban,2/21/2019 16:38,44.18
Urban,2/21/2019 17:53,7.06
Urban,2/21/2019 18:44,19.81
Urban,2/21/2019 18:53,36.21
Urban,2/21/2019 20:28,12.44
Urban,2/21/2019 20:37,24.13
Urban,2/21/2019 22:19,5.95
Urban,2/21/2019 2:37,27.56
Urban,2/21/2019 6:55,22.65
Urban,2/21/2019 8:05,34.21
Urban,2/21/2019 8:28,40.55
Urban,2/21/2019 8:59,40.05
Urban,2/22/2019 15:00,16.46
Urban,2/22/2019 18:15,7.13
Urban,2/22/2019 19:42,27.48
Urban,2/22/2019 1:56,25.33
Urban,2/22/2019 22:11,17.35
Urban,2/22/2019 22:46,10.19
Urban,2/22/2019 23:54,7.64
Urban,2/22/2019 2:22,19.44
Urban,2/22/2019 3:55,6.39
Urban,2/22/2019 4:05,23.09
Urban,2/22/2019 4:25,20.56
Urban,2/22/2019 7:07,18.67
Urban,2/22/2019 7:44,22.52
Urban,2/23/2019 0:15,15.48
Urban,2/23/2019 0:41,15.94
Urban,2/23/2019 11:13,4.24
Urban,2/23/2019 11:46,19.99
Urban,2/23/2019 13:48,18.15
Urban,2/23/2019 13:51,9.25
Urban,2/23/2019 14:58,41.98
Urban,2/23/2019 17:42,4.68
Urban,2/23/2019 19:13,14.04
Urban,2/23/2019 19:46,33.24
Urban,2/23/2019 1:19,7.08
Urban,2/23/2019 1:34,31.97
Urban,2/23/2019 6:10,26.63
Urban,2/23/2019 8:31,15.61
Urban,2/24/2019 10:26,7.8
Urban,2/24/2019 12:05,9.63
Urban,2/24/2019 15:39,8.33
Urban,2/24/2019 19:34,34.82
Urban,2/24/2019 22:01,8.48
Urban,2/24/2019 22:20,35.63
Urban,2/24/2019 23:10,43.66
Urban,2/24/2019 2:56,40.33
Urban,2/24/2019 4:29,33.44
Urban,2/24/2019 4:41,40.8
Urban,2/24/2019 5:39,27.64
Urban,2/24/2019 6:14,39.2
Urban,2/24/2019 7:57,39.12
Urban,2/24/2019 8:40,13.93
Urban,2/25/2019 11:11,15.94
Urban,2/25/2019 12:18,14.51
Urban,2/25/2019 18:39,15.06
Urban,2/25/2019 23:06,25.87
Urban,2/25/2019 2:33,10.21
Urban,2/25/2019 4:32,13.58
Urban,2/25/2019 8:26,32.37
Urban,2/26/2019 10:01,28.52
Urban,2/26/2019 11:57,13.88
Urban,2/26/2019 13:01,38.05
Urban,2/26/2019 18:42,8.85
Urban,2/26/2019 20:40,35.61
Urban,2/26/2019 5:03,25.18
Urban,2/26/2019 5:24,19.05
Urban,2/26/2019 6:48,7.81
Urban,2/26/2019 9:36,18.76
Urban,2/27/2019 0:40,25.4
Urban,2/27/2019 0:58,13.38
Urban,2/27/2019 11:17,43.25
Urban,2/27/2019 11:19,35.19
Urban,2/27/2019 11:42,36.87
Urban,2/27/2019 18:08,43.31
Urban,2/27/2019 1:34,35.31
Urban,2/27/2019 20:51,8.37
Urban,2/27/2019 2:00,10.4
Urban,2/27/2019 2:44,11.33
Urban,2/27/2019 3:58,27.4
Urban,2/27/2019 4:29,22.81
Urban,2/27/2019 6:43,32.73
Urban,2/27/2019 7:09,9.43
Urban,2/27/2019 8:19,33.34
Urban,2/28/2019 12:03,31.82
Urban,2/28/2019 13:10,9.08
Urban,2/28/2019 14:54,42.2
Urban,2/28/2019 15:08,44.96
Urban,2/28/2019 15:20,30.3
Urban,2/28/2019 16:10,11.26
Urban,2/28/2019 16:46,33.72
Urban,2/28/2019 18:19,11.1
Urban,2/28/2019 1:14,36.87
Urban,2/28/2019 20:01,38.42
Urban,2/28/2019 20:02,31.01
Urban,2/28/2019 21:39,14.4
Urban,2/28/2019 22:50,13.39
Urban,2/28/2019 3:20,44.85
Urban,2/28/2019 4:13,25.96
Urban,2/28/2019 5:23,21.78
Urban,2/28/2019 5:42,12.02
Urban,2/28/2019 7:39,33.83
Urban,2/3/2019 0:14,29.04
Urban,2/3/2019 0:48,44.86
Urban,2/3/2019 10:14,6.34
Urban,2/3/2019 12:19,31.43
Urban,2/3/2019 18:24,19.66
Urban,2/3/2019 1:11,21.2
Urban,2/3/2019 21:09,4.41
Urban,2/3/2019 23:57,11.54
Urban,2/3/2019 6:01,6.42
Urban,2/3/2019 6:15,11.61
Urban,2/3/2019 7:07,18.03
Urban,2/3/2019 9:58,39.39
Urban,2/4/2019 0:29,24.87
Urban,2/4/2019 12:11,41.12
Urban,2/4/2019 15:04,20.09
Urban,2/4/2019 17:32,24.49
Urban,2/4/2019 18:56,9.84
Urban,2/4/2019 2:25,38.13
Urban,2/4/2019 4:57,27.63
Urban,2/4/2019 8:07,15.37
Urban,2/4/2019 8:12,42.59
Urban,2/5/2019 0:47,28.81
Urban,2/5/2019 10:34,20.1
Urban,2/5/2019 11:23,18.02
Urban,2/5/2019 11:47,24.54
Urban,2/5/2019 15:30,30.89
Urban,2/5/2019 16:02,25.58
Urban,2/5/2019 16:04,7.44
Urban,2/5/2019 16:12,42.22
Urban,2/5/2019 18:06,8.38
Urban,2/5/2019 18:53,36.37
Urban,2/5/2019 19:24,24.32
Urban,2/5/2019 21:02,31.94
Urban,2/5/2019 22:28,19.21
Urban,2/5/2019 4:51,14.13
Urban,2/5/2019 8:10,28.58
Urban,2/6/2019 0:10,32.93
Urban,2/6/2019 0:47,40.55
Urban,2/6/2019 10:02,11.93
Urban,2/6/2019 10:58,40.29
Urban,2/6/2019 11:01,27.87
Urban,2/6/2019 12:17,7.71
Urban,2/6/2019 16:11,11.39
Urban,2/6/2019 17:29,25.58
Urban,2/6/2019 19:23,9.12
Urban,2/6/2019 19:59,30.31
Urban,2/6/2019 3:34,34.86
Urban,2/6/2019 4:11,29.96
Urban,2/6/2019 7:07,24.47
Urban,2/7/2019 11:07,26.09
Urban,2/7/2019 16:19,38.67
Urban,2/7/2019 16:55,33.51
Urban,2/7/2019 18:36,6.34
Urban,2/7/2019 19:40,30.97
Urban,2/7/2019 1:10,9.34
Urban,2/7/2019 1:24,10.91
Urban,2/7/2019 21:45,4.31
Urban,2/7/2019 5:08,10.76
Urban,2/7/2019 6:07,36.7
Urban,2/7/2019 7:27,20.0
Urban,2/7/2019 8:44,7.69
Urban,2/8/2019 0:14,15.58
Urban,2/8/2019 10:29,7.63
Urban,2/8/2019 11:46,25.76
Urban,2/8/2019 13:28,10.63
Urban,2/8/2019 15:50,16.55
Urban,2/8/2019 16:30,30.38
Urban,2/8/2019 17:11,39.65
Urban,2/8/2019 17:29,34.95
Urban,2/8/2019 18:07,24.49
Urban,2/8/2019 18:08,38.21
Urban,2/8/2019 19:03,4.86
Urban,2/8/2019 19:05,36.23
Urban,2/8/2019 22:01,34.69
Urban,2/8/2019 23:04,14.22
Urban,2/8/2019 23:33,21.22
Urban,2/8/2019 23:57,5.7
Urban,2/8/2019 5:26,22.74
Urban,2/8/2019 5:58,10.31
Urban,2/8/2019 6:11,25.3
Urban,2/8/2019 7:35,30.02
Urban,2/9/2019 0:25,11.71
Urban,2/9/2019 12:25,33.97
Urban,2/9/2019 13:28,6.43
Urban,2/9/2019 14:07,4.42
Urban,2/9/2019 16:46,7.89
Urban,2/9/2019 17:49,21.02
Urban,2/9/2019 19:09,10.62
Urban,2/9/2019 19:23,39.76
Urban,2/9/2019 20:42,12.17
Urban,2/9/2019 2:17,7.11
Urban,2/9/2019 2:25,37.51
Urban,2/9/2019 5:16,26.1
Urban,2/9/2019 5:48,39.55
Urban,2/9/2019 5:54,16.1
Urban,3/1/2019 11:06,28.25
Urban,3/1/2019 11:13,30.3
Urban,3/1/2019 15:07,23.45
Urban,3/1/2019 18:48,34.71
Urban,3/1/2019 21:33,11.97
Urban,3/1/2019 22:01,24.55
Urban,3/1/2019 4:34,20.8
Urban,3/1/2019 8:58,43.25
Urban,3/10/2019 10:45,4.43
Urban,3/10/2019 11:23,27.1
Urban,3/10/2019 13:31,22.72
Urban,3/10/2019 13:55,10.83
Urban,3/10/2019 19:24,43.18
Urban,3/10/2019 1:02,10.63
Urban,3/10/2019 1:07,28.0
Urban,3/10/2019 20:00,6.74
Urban,3/10/2019 20:10,4.1
Urban,3/10/2019 22:42,7.98
Urban,3/10/2019 5:15,22.43
Urban,3/10/2019 5:23,29.13
Urban,3/10/2019 7:36,22.65
Urban,3/10/2019 8:15,27.91
Urban,3/10/2019 9:19,37.89
Urban,3/11/2019 12:23,41.37
Urban,3/11/2019 12:26,9.52
Urban,3/11/2019 16:10,43.45
Urban,3/11/2019 16:18,44.29
Urban,3/11/2019 17:26,36.15
Urban,3/11/2019 20:07,7.01
Urban,3/11/2019 21:03,37.93
Urban,3/11/2019 21:35,16.78
Urban,3/11/2019 2:19,27.39
Urban,3/11/2019 8:09,34.53
Urban,3/12/2019 10:02,21.18
Urban,3/12/2019 11:08,13.79
Urban,3/12/2019 13:53,38.26
Urban,3/12/2019 14:47,28.12
Urban,3/12/2019 16:33,24.41
Urban,3/12/2019 1:39,18.67
Urban,3/12/2019 21:01,5.76
Urban,3/12/2019 21:52,21.17
Urban,3/12/2019 2:44,22.97
Urban,3/12/2019 4:54,37.05
Urban,3/12/2019 6:47,8.35
Urban,3/12/2019 6:59,16.98
Urban,3/12/2019 9:06,25.1
Urban,3/12/2019 9:22,35.57
Urban,3/13/2019 12:52,13.88
Urban,3/13/2019 1:15,16.01
Urban,3/13/2019 1:47,32.05
Urban,3/13/2019 4:21,10.44
Urban,3/13/2019 6:10,27.79
Urban,3/13/2019 8:03,5.03
Urban,3/13/2019 9:17,36.79
Urban,3/13/2019 9:48,14.84
Urban,3/14/2019 10:37,30.49
Urban,3/14/2019 10:46,36.32
Urban,3/14/2019 14:43,10.29
Urban,3/14/2019 15:24,35.27
Urban,3/14/2019 15:25,18.28
Urban,3/14/2019 16:12,36.84
Urban,3/14/2019 16:29,35.65
Urban,3/14/2019 16:47,27.9
Urban,3/14/2019 17:07,16.31
Urban,3/14/2019 17:18,18.66
Urban,3/14/2019 21:25,20.26
Urban,3/14/2019 23:46,24.4
Urban,3/14/2019 9:28,9.22
Urban,3/15/2019 10:18,30.83
Urban,3/15/2019 10:22,34.09
Urban,3/15/2019 15:08,25.97
Urban,3/15/2019 15:11,31.89
Urban,3/15/2019 21:16,30.27
Urban,3/15/2019 22:44,28.3
Urban,3/15/2019 4:48,4.6
Urban,3/15/2019 8:24,22.28
Urban,3/15/2019 8:40,43.5
Urban,3/15/2019 9:03,5.62
Urban,3/16/2019 10:03,30.66
Urban,3/16/2019 10:22,25.06
Urban,3/16/2019 11:46,23.99
Urban,3/16/2019 16:27,42.89
Urban,3/16/2019 19:46,19.61
Urban,3/16/2019 1:38,17.19
Urban,3/16/2019 20:49,43.82
Urban,3/16/2019 20:54,30.24
Urban,3/16/2019 23:00,21.39
Urban,3/16/2019 23:59,5.23
Urban,3/16/2019 2:20,4.87
Urban,3/16/2019 6:31,34.2
Urban,3/16/2019 7:06,10.04
Urban,3/17/2019 0:30,35.42
Urban,3/17/2019 0:31,36.31
Urban,3/17/2019 14:42,33.11
Urban,3/17/2019 14:48,26.71
Urban,3/17/2019 15:43,30.31
Urban,3/17/2019 16:51,39.58
Urban,3/17/2019 17:07,6.12
Urban,3/17/2019 19:21,19.05
Urban,3/17/2019 19:23,10.18
Urban,3/17/2019 1:22,23.26
Urban,3/17/2019 22:39,15.35
Urban,3/17/2019 22:50,14.61
Urban,3/17/2019 23:54,8.62
Urban,3/17/2019 4:22,15.95
Urban,3/17/2019 4:51,17.38
Urban,3/17/2019 6:50,29.95
Urban,3/17/2019 9:42,23.45
Urban,3/18/2019 10:10,6.41
Urban,3/18/2019 12:08,34.05
Urban,3/18/2019 12:47,8.58
Urban,3/18/2019 12:48,36.96
Urban,3/18/2019 15:28,23.62
Urban,3/18/2019 15:57,13.06
Urban,3/18/2019 17:14,12.64
Urban,3/18/2019 22:54,25.05
Urban,3/18/2019 4:11,17.57
Urban,3/18/2019 4:53,4.29
Urban,3/18/2019 7:07,36.04
Urban,3/18/2019 9:24,7.45
Urban,3/19/2019 12:17,26.6
Urban,3/19/2019 12:32,17.21
Urban,3/19/2019 14:30,33.14
Urban,3/19/2019 14:50,23.07
Urban,3/19/2019 15:21,22.63
Urban,3/19/2019 15:25,27.37
Urban,3/19/2019 15:31,5.3
Urban,3/19/2019 16:19,31.72
Urban,3/19/2019 16:58,29.88
Urban,3/19/2019 17:31,15.05
Urban,3/19/2019 1:52,42.74
Urban,3/19/2019 20:41,18.17
Urban,3/19/2019 22:03,40.29
Urban,3/19/2019 23:42,40.2
Urban,3/19/2019 3:15,5.65
Urban,3/19/2019 5:46,40.86
Urban,3/19/2019 7:17,15.78
Urban,3/19/2019 7:54,30.03
Urban,3/2/2019 0:54,25.14
Urban,3/2/2019 10:47,10.89
Urban,3/2/2019 11:43,34.65
Urban,3/2/2019 14:44,39.77
Urban,3/2/2019 15:40,28.04
Urban,3/2/2019 18:03,44.26
Urban,3/2/2019 18:56,6.08
Urban,3/2/2019 20:29,25.28
Urban,3/2/2019 22:23,25.15
Urban,3/2/2019 4:56,5.19
Urban,3/2/2019 6:06,10.35
Urban,3/2/2019 7:23,30.62
Urban,3/2/2019 9:13,23.55
Urban,3/2/2019 9:54,33.12
Urban,3/20/2019 0:45,40.55
Urban,3/20/2019 10:34,33.24
Urban,3/20/2019 10:40,42.57
Urban,3/20/2019 19:11,20.21
Urban,3/20/2019 1:28,15.37
Urban,3/20/2019 23:44,23.83
Urban,3/20/2019 2:20,38.53
Urban,3/20/2019 3:04,42.83
Urban,3/20/2019 5:37,33.9
Urban,3/20/2019 5:48,36.7
Urban,3/20/2019 7:40,27.45
Urban,3/21/2019 0:14,43.87
Urban,3/21/2019 0:18,37.95
Urban,3/21/2019 0:26,9.06
Urban,3/21/2019 13:31,27.96
Urban,3/21/2019 15:40,44.64
Urban,3/21/2019 15:44,6.13
Urban,3/21/2019 17:25,11.97
Urban,3/21/2019 18:31,39.02
Urban,3/21/2019 19:46,14.12
Urban,3/21/2019 1:28,15.64
Urban,3/21/2019 22:54,9.42
Urban,3/21/2019 23:26,26.69
Urban,3/21/2019 2:20,32.8
Urban,3/21/2019 2:57,21.41
Urban,3/21/2019 5:48,8.2
Urban,3/21/2019 7:56,39.26
Urban,3/21/2019 8:44,32.42
Urban,3/21/2019 9:28,18.24
Urban,3/21/2019 9:45,10.42
Urban,3/22/2019 11:19,32.85
Urban,3/22/2019 14:33,18.72
Urban,3/22/2019 20:35,39.96
Urban,3/22/2019 22:02,23.31
Urban,3/22/2019 22:31,15.85
Urban,3/22/2019 4:06,33.1
Urban,3/22/2019 4:17,15.54
Urban,3/22/2019 4:19,34.69
Urban,3/22/2019 4:41,16.35
Urban,3/22/2019 5:26,6.58
Urban,3/22/2019 8:56,22.05
Urban,3/23/2019 10:48,4.64
Urban,3/23/2019 12:21,13.7
Urban,3/23/2019 16:36,40.07
Urban,3/23/2019 16:45,14.72
Urban,3/23/2019 1:43,33.12
Urban,3/23/2019 20:59,23.76
Urban,3/23/2019 6:28,30.58
Urban,3/23/2019 8:27,37.89
Urban,3/24/2019 0:26,30.55
Urban,3/24/2019 10:24,10.05
Urban,3/24/2019 12:04,8.77
Urban,3/24/2019 12:17,31.47
Urban,3/24/2019 13:39,32.17
Urban,3/24/2019 13:53,32.21
Urban,3/24/2019 15:21,34.9
Urban,3/24/2019 16:27,14.94
Urban,3/24/2019 16:37,25.65
Urban,3/24/2019 19:06,31.41
Urban,3/24/2019 21:58,28.84
Urban,3/24/2019 23:37,41.44
Urban,3/24/2019 2:56,39.6
Urban,3/24/2019 6:34,12.24
Urban,3/24/2019 6:49,4.05
Urban,3/24/2019 7:40,32.72
Urban,3/24/2019 9:50,4.07
Urban,3/25/2019 12:14,9.64
Urban,3/25/2019 13:20,34.94
Urban,3/25/2019 14:33,34.06
Urban,3/25/2019 15:50,23.48
Urban,3/25/2019 16:07,42.93
Urban,3/25/2019 17:11,7.19
Urban,3/25/2019 18:17,7.09
Urban,3/25/2019 18:55,35.29
Urban,3/25/2019 20:35,23.38
Urban,3/25/2019 20:45,22.53
Urban,3/25/2019 21:25,26.4
Urban,3/25/2019 21:46,36.92
Urban,3/25/2019 2:17,41.61
Urban,3/25/2019 8:38,7.04
Urban,3/26/2019 0:49,9.79
Urban,3/26/2019 10:39,26.91
Urban,3/26/2019 19:09,28.83
Urban,3/26/2019 20:22,41.15
Urban,3/26/2019 22:47,13.34
Urban,3/26/2019 4:27,13.97
Urban,3/26/2019 6:12,35.5
Urban,3/26/2019 7:22,7.63
Urban,3/26/2019 9:45,22.33
Urban,3/27/2019 0:10,18.89
Urban,3/27/2019 0:20,18.43
Urban,3/27/2019 0:31,16.05
Urban,3/27/2019 0:44,25.29
Urban,3/27/2019 11:50,22.64
Urban,3/27/2019 11:56,15.64
Urban,3/27/2019 12:12,44.27
Urban,3/27/2019 12:48,13.29
Urban,3/27/2019 13:11,36.52
Urban,3/27/2019 13:32,4.72
Urban,3/27/2019 19:19,30.66
Urban,3/27/2019 1:08,21.46
Urban,3/27/2019 22:14,4.63
Urban,3/27/2019 23:57,21.55
Urban,3/27/2019 2:11,38.69
Urban,3/27/2019 2:18,7.29
Urban,3/27/2019 6:49,8.57
Urban,3/27/2019 7:24,11.51
Urban,3/27/2019 8:26,38.99
Urban,3/27/2019 8:27,26.25
Urban,3/27/2019 9:44,33.4
Urban,3/28/2019 12:48,10.91
Urban,3/28/2019 13:29,22.28
Urban,3/28/2019 15:00,35.88
Urban,3/28/2019 18:03,42.75
Urban,3/28/2019 19:33,7.75
Urban,3/28/2019 22:28,9.19
Urban,3/28/2019 3:35,14.94
Urban,3/28/2019 7:41,7.56
Urban,3/28/2019 9:56,28.53
Urban,3/29/2019 13:33,35.36
Urban,3/29/2019 15:16,37.76
Urban,3/29/2019 17:35,31.43
Urban,3/29/2019 19:12,43.79
Urban,3/29/2019 1:02,29.55
Urban,3/29/2019 20:35,42.51
Urban,3/29/2019 21:43,35.58
Urban,3/29/2019 22:54,5.93
Urban,3/29/2019 3:22,14.54
Urban,3/29/2019 4:07,5.32
Urban,3/29/2019 4:22,17.53
Urban,3/29/2019 4:59,40.29
Urban,3/29/2019 8:33,11.06
Urban,3/3/2019 0:24,20.71
Urban,3/3/2019 11:28,36.31
Urban,3/3/2019 11:38,13.41
Urban,3/3/2019 11:57,11.42
Urban,3/3/2019 14:48,37.3
Urban,3/3/2019 16:07,27.48
Urban,3/3/2019 16:13,41.62
Urban,3/3/2019 17:50,28.08
Urban,3/3/2019 18:15,19.19
Urban,3/3/2019 1:24,43.44
Urban,3/3/2019 2:13,28.02
Urban,3/3/2019 3:17,25.17
Urban,3/3/2019 5:13,26.6
Urban,3/3/2019 5:28,41.39
Urban,3/3/2019 7:40,22.44
Urban,3/3/2019 8:45,7.63
Urban,3/3/2019 9:00,29.88
Urban,3/30/2019 10:46,22.41
Urban,3/30/2019 11:38,24.64
Urban,3/30/2019 13:15,31.3
Urban,3/30/2019 15:12,16.2
Urban,3/30/2019 17:59,15.17
Urban,3/30/2019 1:27,25.19
Urban,3/30/2019 1:56,20.21
Urban,3/30/2019 20:21,4.2
Urban,3/30/2019 20:43,19.48
Urban,3/30/2019 21:22,40.8
Urban,3/30/2019 2:27,11.15
Urban,3/30/2019 3:13,4.66
Urban,3/30/2019 6:31,12.04
Urban,3/31/2019 11:49,24.16
Urban,3/31/2019 13:58,29.41
Urban,3/31/2019 14:58,7.67
Urban,3/31/2019 15:22,30.77
Urban,3/31/2019 17:01,36.29
Urban,3/31/2019 2:08,4.65
Urban,3/31/2019 3:35,21.24
Urban,3/4/2019 0:41,23.7
Urban,3/4/2019 10:14,38.49
Urban,3/4/2019 10:30,36.76
Urban,3/4/2019 11:08,23.33
Urban,3/4/2019 12:20,5.04
Urban,3/4/2019 12:31,43.98
Urban,3/4/2019 12:38,28.18
Urban,3/4/2019 14:14,22.91
Urban,3/4/2019 15:13,28.69
Urban,3/4/2019 16:59,42.58
Urban,3/4/2019 17:20,21.38
Urban,3/4/2019 17:50,20.72
Urban,3/4/2019 18:00,41.65
Urban,3/4/2019 18:24,30.24
Urban,3/4/2019 20:36,25.21
Urban,3/4/2019 22:13,14.83
Urban,3/4/2019 22:29,6.19
Urban,3/4/2019 22:51,34.93
Urban,3/4/2019 3:26,40.35
Urban,3/5/2019 0:42,36.35
Urban,3/5/2019 12:05,11.16
Urban,3/5/2019 12:12,5.43
Urban,3/5/2019 15:43,23.75
Urban,3/5/2019 16:00,4.85
Urban,3/5/2019 1:38,44.1
Urban,3/5/2019 23:23,44.77
Urban,3/5/2019 2:15,26.28
Urban,3/5/2019 2:33,25.02
Urban,3/5/2019 3:27,12.91
Urban,3/5/2019 5:39,4.33
Urban,3/5/2019 9:44,42.79
Urban,3/6/2019 0:02,31.33
Urban,3/6/2019 12:53,8.28
Urban,3/6/2019 17:06,41.29
Urban,3/6/2019 19:26,26.34
Urban,3/6/2019 20:26,14.87
Urban,3/6/2019 22:56,12.38
Urban,3/6/2019 23:01,44.41
Urban,3/6/2019 2:27,10.02
Urban,3/6/2019 3:56,30.87
Urban,3/6/2019 4:19,32.37
Urban,3/6/2019 4:28,34.58
Urban,3/6/2019 4:42,37.4
Urban,3/6/2019 4:48,38.88
Urban,3/6/2019 6:10,22.86
Urban,3/6/2019 7:44,23.53
Urban,3/6/2019 9:51,6.73
Urban,3/7/2019 10:38,14.8
Urban,3/7/2019 12:09,27.26
Urban,3/7/2019 12:26,23.55
Urban,3/7/2019 12:38,41.96
Urban,3/7/2019 15:47,23.66
Urban,3/7/2019 15:57,12.22
Urban,3/7/2019 18:37,42.04
Urban,3/7/2019 1:51,14.55
Urban,3/7/2019 20:09,32.27
Urban,3/7/2019 20:34,34.22
Urban,3/7/2019 20:59,17.66
Urban,3/7/2019 23:37,7.78
Urban,3/7/2019 2:26,18.76
Urban,3/7/2019 5:24,15.82
Urban,3/7/2019 6:32,4.28
Urban,3/7/2019 7:21,31.08
Urban,3/8/2019 10:33,41.3
Urban,3/8/2019 13:24,4.92
Urban,3/8/2019 13:35,34.32
Urban,3/8/2019 15:08,18.35
Urban,3/8/2019 16:32,23.06
Urban,3/8/2019 1:08,41.06
Urban,3/8/2019 20:06,25.21
Urban,3/8/2019 21:57,9.54
Urban,3/8/2019 3:46,17.81
Urban,3/8/2019 4:18,27.42
Urban,3/8/2019 7:06,6.08
Urban,3/8/2019 7:57,43.59
Urban,3/8/2019 8:55,17.17
Urban,3/8/2019 9:24,29.15
Urban,3/8/2019 9:53,37.81
Urban,3/9/2019 14:47,35.68
Urban,3/9/2019 16:59,6.5
Urban,3/9/2019 23:45,19.89
Urban,3/9/2019 3:25,39.32
Urban,3/9/2019 3:50,40.86
Urban,3/9/2019 4:39,14.41
Urban,3/9/2019 6:26,42.81
Urban,4/1/2019 0:11,22.65
Urban,4/1/2019 0:20,31.72
Urban,4/1/2019 0:35,27.84
Urban,4/1/2019 12:09,10.76
Urban,4/1/2019 14:43,40.45
Urban,4/1/2019 14:50,28.84
Urban,4/1/2019 17:37,16.83
Urban,4/1/2019 1:06,8.23
Urban,4/1/2019 23:46,40.87
Urban,4/1/2019 4:02,25.65
Urban,4/1/2019 4:31,63.15
Urban,4/1/2019 6:26,9.94
Urban,4/1/2019 9:24,24.29
Urban,4/1/2019 9:27,28.54
Urban,4/10/2019 11:45,38.24
Urban,4/10/2019 14:27,26.68
Urban,4/10/2019 17:06,31.03
Urban,4/10/2019 17:12,10.94
Urban,4/10/2019 1:16,37.67
Urban,4/10/2019 1:23,29.97
Urban,4/10/2019 22:15,38.02
Urban,4/10/2019 23:38,25.4
Urban,4/10/2019 4:16,42.92
Urban,4/10/2019 4:59,35.97
Urban,4/10/2019 5:38,30.36
Urban,4/11/2019 10:09,21.06
Urban,4/11/2019 10:26,9.1
Urban,4/11/2019 10:38,12.01
Urban,4/11/2019 13:41,33.12
Urban,4/11/2019 13:52,15.55
Urban,4/11/2019 14:40,16.63
Urban,4/11/2019 14:46,4.88
Urban,4/11/2019 19:49,25.92
Urban,4/11/2019 20:41,33.68
Urban,4/11/2019 21:32,22.48
Urban,4/11/2019 22:10,12.81
Urban,4/11/2019 23:49,38.35
Urban,4/11/2019 2:57,36.3
Urban,4/11/2019 3:38,27.54
Urban,4/11/2019 3:53,18.65
Urban,4/11/2019 4:26,22.03
Urban,4/11/2019 6:59,29.06
Urban,4/11/2019 9:09,42.97
Urban,4/12/2019 0:11,15.49
Urban,4/12/2019 11:58,28.65
Urban,4/12/2019 12:08,27.69
Urban,4/12/2019 12:30,17.57
Urban,4/12/2019 13:57,7.77
Urban,4/12/2019 14:37,22.91
Urban,4/12/2019 19:38,22.45
Urban,4/12/2019 1:13,21.18
Urban,4/12/2019 23:29,27.81
Urban,4/12/2019 2:27,10.53
Urban,4/12/2019 3:38,43.34
Urban,4/12/2019 3:43,8.42
Urban,4/12/2019 5:18,41.45
Urban,4/12/2019 5:27,17.03
Urban,4/12/2019 5:32,35.51
Urban,4/12/2019 6:19,33.12
Urban,4/12/2019 6:49,11.55
Urban,4/12/2019 8:17,32.48
Urban,4/13/2019 10:23,8.69
Urban,4/13/2019 10:54,18.25
Urban,4/13/2019 12:26,25.22
Urban,4/13/2019 18:15,40.93
Urban,4/13/2019 18:44,27.36
Urban,4/13/2019 19:46,40.2
Urban,4/13/2019 19:49,33.33
Urban,4/13/2019 1:18,43.98
Urban,4/13/2019 21:47,32.08
Urban,4/13/2019 21:50,28.75
Urban,4/13/2019 5:14,23.73
Urban,4/13/2019 6:56,32.94
Urban,4/13/2019 7:37,20.09
Urban,4/13/2019 8:29,37.22
Urban,4/13/2019 9:52,22.39
Urban,4/14/2019 11:56,43.01
Urban,4/14/2019 12:28,39.95
Urban,4/14/2019 14:48,24.34
Urban,4/14/2019 14:58,25.28
Urban,4/14/2019 16:26,32.57
Urban,4/14/2019 18:40,32.77
Urban,4/14/2019 19:46,8.05
Urban,4/14/2019 1:20,37.93
Urban,4/14/2019 20:12,19.53
Urban,4/14/2019 21:17,38.95
Urban,4/14/2019 23:08,7.75
Urban,4/14/2019 3:24,39.91
Urban,4/14/2019 5:11,13.13
Urban,4/14/2019 6:43,31.63
Urban,4/15/2019 10:02,37.6
Urban,4/15/2019 11:02,43.82
Urban,4/15/2019 12:15,6.74
Urban,4/15/2019 16:09,44.74
Urban,4/15/2019 17:35,42.29
Urban,4/15/2019 1:36,24.3
Urban,4/15/2019 20:37,17.76
Urban,4/15/2019 23:02,20.16
Urban,4/15/2019 8:00,40.03
Urban,4/15/2019 9:17,35.45
Urban,4/16/2019 15:23,24.07
Urban,4/16/2019 16:16,25.65
Urban,4/16/2019 16:21,32.43
Urban,4/16/2019 18:34,9.2
Urban,4/16/2019 1:06,17.47
Urban,4/16/2019 1:26,16.58
Urban,4/16/2019 20:26,32.47
Urban,4/16/2019 22:02,24.63
Urban,4/16/2019 23:07,23.12
Urban,4/16/2019 23:13,39.32
Urban,4/16/2019 5:05,27.1
Urban,4/16/2019 8:23,20.38
Urban,4/16/2019 9:48,36.11
Urban,4/17/2019 0:03,8.91
Urban,4/17/2019 0:28,41.19
Urban,4/17/2019 10:37,11.76
Urban,4/17/2019 11:25,15.03
Urban,4/17/2019 18:42,42.3
Urban,4/17/2019 19:01,10.58
Urban,4/17/2019 20:05,44.43
Urban,4/17/2019 22:12,32.39
Urban,4/17/2019 2:25,23.3
Urban,4/17/2019 2:26,23.0
Urban,4/17/2019 2:49,39.18
Urban,4/17/2019 6:23,16.34
Urban,4/17/2019 7:34,22.41
Urban,4/18/2019 0:39,33.73
Urban,4/18/2019 11:16,16.36
Urban,4/18/2019 11:41,29.12
Urban,4/18/2019 12:07,16.18
Urban,4/18/2019 12:19,22.42
Urban,4/18/2019 13:07,8.56
Urban,4/18/2019 14:39,23.56
Urban,4/18/2019 17:01,37.63
Urban,4/18/2019 17:41,22.51
Urban,4/18/2019 18:37,5.81
Urban,4/18/2019 1:17,35.7
Urban,4/18/2019 1:40,34.7
Urban,4/18/2019 20:05,32.74
Urban,4/18/2019 23:06,4.36
Urban,4/18/2019 23:10,31.16
Urban,4/18/2019 23:27,28.66
Urban,4/18/2019 2:07,39.79
Urban,4/18/2019 6:03,39.95
Urban,4/18/2019 6:08,42.8
Urban,4/18/2019 6:58,24.48
Urban,4/18/2019 8:11,11.2
Urban,4/18/2019 8:44,12.35
Urban,4/19/2019 0:05,25.4
Urban,4/19/2019 0:56,13.63
Urban,4/19/2019 10:17,36.01
Urban,4/19/2019 12:57,4.55
Urban,4/19/2019 16:30,6.27
Urban,4/19/2019 19:35,26.47
Urban,4/19/2019 19:45,39.57
Urban,4/19/2019 1:55,42.53
Urban,4/19/2019 20:35,5.75
Urban,4/19/2019 21:32,37.67
Urban,4/19/2019 3:26,44.5
Urban,4/19/2019 4:53,22.86
Urban,4/19/2019 8:42,26.45
Urban,4/19/2019 9:46,35.79
Urban,4/2/2019 15:48,13.55
Urban,4/2/2019 16:53,66.7
Urban,4/2/2019 17:39,22.76
Urban,4/2/2019 19:22,41.93
Urban,4/2/2019 21:10,43.2
Urban,4/2/2019 22:13,25.84
Urban,4/2/2019 4:52,10.52
Urban,4/2/2019 7:05,9.67
Urban,4/20/2019 18:57,29.84
Urban,4/20/2019 20:13,11.85
Urban,4/20/2019 21:40,40.06
Urban,4/20/2019 2:16,16.27
Urban,4/20/2019 5:31,37.04
Urban,4/20/2019 7:37,29.07
Urban,4/20/2019 9:38,23.65
Urban,4/20/2019 9:40,30.12
Urban,4/21/2019 10:31,32.85
Urban,4/21/2019 11:42,7.44
Urban,4/21/2019 15:15,5.31
Urban,4/21/2019 15:29,36.47
Urban,4/21/2019 18:31,21.98
Urban,4/21/2019 23:00,13.53
Urban,4/21/2019 23:26,26.99
Urban,4/21/2019 23:32,33.37
Urban,4/21/2019 3:44,9.54
Urban,4/21/2019 4:50,4.96
Urban,4/22/2019 0:38,8.89
Urban,4/22/2019 12:29,27.54
Urban,4/22/2019 15:53,6.49
Urban,4/22/2019 16:43,7.91
Urban,4/22/2019 16:48,9.7
Urban,4/22/2019 21:34,42.52
Urban,4/22/2019 21:37,22.86
Urban,4/22/2019 23:30,30.03
Urban,4/22/2019 2:31,9.14
Urban,4/22/2019 2:38,9.72
Urban,4/22/2019 3:06,39.74
Urban,4/22/2019 3:15,43.62
Urban,4/22/2019 3:32,29.67
Urban,4/22/2019 4:12,31.29
Urban,4/22/2019 8:14,19.95
Urban,4/23/2019 1:14,40.39
Urban,4/23/2019 21:11,26.92
Urban,4/23/2019 2:57,13.01
Urban,4/23/2019 8:59,14.65
Urban,4/23/2019 9:19,44.739999999999995
Urban,4/24/2019 11:33,28.76
Urban,4/24/2019 11:54,5.31
Urban,4/24/2019 12:57,34.67
Urban,4/24/2019 13:07,9.78
Urban,4/24/2019 14:27,32.22
Urban,4/24/2019 18:35,28.87
Urban,4/24/2019 19:33,38.04
Urban,4/24/2019 23:45,19.73
Urban,4/24/2019 2:21,37.73
Urban,4/24/2019 2:25,13.32
Urban,4/24/2019 3:20,7.31
Urban,4/24/2019 8:02,14.55
Urban,4/24/2019 8:05,14.11
Urban,4/24/2019 8:49,28.24
Urban,4/25/2019 0:15,10.26
Urban,4/25/2019 0:37,26.84
Urban,4/25/2019 11:18,34.05
Urban,4/25/2019 14:14,22.75
Urban,4/25/2019 14:28,10.86
Urban,4/25/2019 14:44,24.86
Urban,4/25/2019 14:57,44.39
Urban,4/25/2019 15:55,26.44
Urban,4/25/2019 20:57,21.7
Urban,4/25/2019 22:58,29.67
Urban,4/25/2019 23:04,19.43
Urban,4/25/2019 3:29,50.96
Urban,4/25/2019 5:20,36.71
Urban,4/25/2019 6:22,35.39
Urban,4/25/2019 9:50,25.5
Urban,4/26/2019 0:30,20.89
Urban,4/26/2019 0:43,35.98
Urban,4/26/2019 12:08,35.33
Urban,4/26/2019 17:02,4.63
Urban,4/26/2019 22:20,29.22
Urban,4/26/2019 4:05,28.44
Urban,4/26/2019 4:18,18.92
Urban,4/26/2019 4:37,42.99
Urban,4/26/2019 4:45,44.37
Urban,4/26/2019 8:12,7.68
Urban,4/26/2019 8:31,19.99
Urban,4/26/2019 8:41,8.83
Urban,4/26/2019 9:31,33.71
Urban,4/27/2019 0:19,16.89
Urban,4/27/2019 0:34,37.74
Urban,4/27/2019 0:58,27.78
Urban,4/27/2019 10:55,11.42
Urban,4/27/2019 11:18,27.89
Urban,4/27/2019 11:59,30.31
Urban,4/27/2019 12:31,41.48
Urban,4/27/2019 12:41,18.99
Urban,4/27/2019 14:11,37.6
Urban,4/27/2019 14:57,44.73
Urban,4/27/2019 16:20,6.62
Urban,4/27/2019 16:22,25.67
Urban,4/27/2019 20:41,8.28
Urban,4/27/2019 23:26,19.06
Urban,4/27/2019 8:48,12.84
Urban,4/28/2019 0:26,5.42
Urban,4/28/2019 10:54,10.07
Urban,4/28/2019 12:48,33.35
Urban,4/28/2019 14:28,11.46
Urban,4/28/2019 16:29,36.42
Urban,4/28/2019 17:26,31.43
Urban,4/28/2019 2:38,39.41
Urban,4/28/2019 4:00,39.82
Urban,4/28/2019 4:34,40.46
Urban,4/28/2019 8:15,22.86
Urban,4/28/2019 9:03,15.0
Urban,4/28/2019 9:10,5.73
Urban,4/28/2019 9:25,37.35
Urban,4/29/2019 0:20,44.28
Urban,4/29/2019 10:20,28.73
Urban,4/29/2019 11:39,19.8
Urban,4/29/2019 13:54,5.16
Urban,4/29/2019 19:55,32.1
Urban,4/29/2019 1:12,27.04
Urban,4/29/2019 1:22,36.7
Urban,4/29/2019 20:54,28.41
Urban,4/29/2019 21:20,13.59
Urban,4/29/2019 23:05,14.59
Urban,4/29/2019 2:49,41.27
Urban,4/29/2019 6:57,23.99
Urban,4/29/2019 7:38,9.08
Urban,4/29/2019 7:50,17.89
Urban,4/3/2019 11:34,18.62
Urban,4/3/2019 12:01,33.03
Urban,4/3/2019 13:15,19.66
Urban,4/3/2019 13:27,5.09
Urban,4/3/2019 14:44,23.52
Urban,4/3/2019 15:07,40.77
Urban,4/3/2019 15:25,44.15
Urban,4/3/2019 16:27,14.73
Urban,4/3/2019 1:20,15.14
Urban,4/3/2019 1:47,31.6
Urban,4/3/2019 20:23,33.74
Urban,4/3/2019 2:42,10.56
Urban,4/3/2019 3:16,24.76
Urban,4/3/2019 3:29,14.06
Urban,4/3/2019 3:36,43.07
Urban,4/3/2019 7:02,29.88
Urban,4/3/2019 7:51,32.7
Urban,4/3/2019 8:47,4.74
Urban,4/3/2019 9:30,5.16
Urban,4/30/2019 0:42,36.07
Urban,4/30/2019 11:44,5.6
Urban,4/30/2019 14:45,40.08
Urban,4/30/2019 16:02,37.48
Urban,4/30/2019 19:54,29.84
Urban,4/30/2019 21:38,5.7
Urban,4/30/2019 23:36,14.81
Urban,4/30/2019 5:22,28.89
Urban,4/30/2019 8:22,37.41
Urban,4/4/2019 11:46,39.39
Urban,4/4/2019 13:03,28.52
Urban,4/4/2019 13:22,12.91
Urban,4/4/2019 14:32,42.27
Urban,4/4/2019 15:04,16.35
Urban,4/4/2019 1:11,24.47
Urban,4/4/2019 23:19,19.38
Urban,4/4/2019 2:35,23.18
Urban,4/4/2019 6:42,25.38
Urban,4/4/2019 6:46,41.45
Urban,4/4/2019 6:55,31.52
Urban,4/4/2019 8:04,25.93
Urban,4/5/2019 10:22,25.55
Urban,4/5/2019 14:01,31.09
Urban,4/5/2019 15:44,36.08
Urban,4/5/2019 18:23,29.69
Urban,4/5/2019 20:10,32.18
Urban,4/5/2019 2:03,38.17
Urban,4/5/2019 2:05,31.89
Urban,4/5/2019 3:18,44.58
Urban,4/5/2019 7:12,22.87
Urban,4/5/2019 7:22,14.21
Urban,4/6/2019 11:30,16.84
Urban,4/6/2019 13:42,24.18
Urban,4/6/2019 13:48,23.87
Urban,4/6/2019 13:52,30.36
Urban,4/6/2019 13:59,25.31
Urban,4/6/2019 16:17,35.79
Urban,4/6/2019 16:21,38.8
Urban,4/6/2019 16:41,9.3
Urban,4/6/2019 20:51,21.02
Urban,4/6/2019 21:38,18.08
Urban,4/6/2019 21:40,23.41
Urban,4/6/2019 22:33,27.46
Urban,4/6/2019 2:16,18.15
Urban,4/6/2019 2:25,14.3
Urban,4/6/2019 8:54,25.06
Urban,4/6/2019 9:03,26.64
Urban,4/7/2019 0:32,18.92
Urban,4/7/2019 16:28,16.11
Urban,4/7/2019 16:53,13.4
Urban,4/7/2019 17:41,33.9
Urban,4/7/2019 18:09,24.28
Urban,4/7/2019 20:51,31.25
Urban,4/7/2019 23:44,39.51
Urban,4/7/2019 2:32,19.19
Urban,4/7/2019 6:17,40.69
Urban,4/7/2019 6:50,11.92
Urban,4/7/2019 8:54,32.99
Urban,4/8/2019 11:19,44.03
Urban,4/8/2019 12:38,14.52
Urban,4/8/2019 1:01,5.62
Urban,4/8/2019 20:26,25.79
Urban,4/8/2019 21:34,13.31
Urban,4/8/2019 6:21,20.83
Urban,4/9/2019 0:32,52.85
Urban,4/9/2019 14:34,11.9
Urban,4/9/2019 14:55,20.23
Urban,4/9/2019 16:57,10.03
Urban,4/9/2019 17:12,6.68
Urban,4/9/2019 20:23,35.11
Urban,4/9/2019 20:55,24.99
Urban,4/9/2019 21:41,15.96
Urban,4/9/2019 8:10,39.36
Urban,4/9/2019 8:47,4.95
Urban,4/9/2019 9:17,20.31
Urban,5/1/2019 12:39,39.8
Urban,5/1/2019 13:29,10.3
Urban,5/1/2019 13:56,22.59
Urban,5/1/2019 17:20,4.97
Urban,5/1/2019 17:43,23.76
Urban,5/1/2019 19:03,23.23
Urban,5/1/2019 1:26,26.81
Urban,5/1/2019 21:53,8.28
Urban,5/1/2019 23:05,38.46
Urban,5/1/2019 2:18,27.45
Urban,5/1/2019 3:12,8.28
Urban,5/1/2019 4:34,8.67
Urban,5/1/2019 4:53,10.97
Urban,5/2/2019 10:24,29.86
Urban,5/2/2019 12:46,42.42
Urban,5/2/2019 13:55,38.77
Urban,5/2/2019 18:20,12.08
Urban,5/2/2019 1:04,24.23
Urban,5/2/2019 20:17,4.23
Urban,5/2/2019 21:02,17.12
Urban,5/2/2019 21:36,21.8
Urban,5/2/2019 23:25,11.94
Urban,5/2/2019 2:19,32.38
Urban,5/2/2019 4:14,35.76
Urban,5/3/2019 0:07,16.44
Urban,5/3/2019 11:43,8.3
Urban,5/3/2019 12:09,21.67
Urban,5/3/2019 12:46,14.43
Urban,5/3/2019 14:33,41.12
Urban,5/3/2019 15:26,25.68
Urban,5/3/2019 15:31,32.68
Urban,5/3/2019 15:35,19.97
Urban,5/3/2019 16:09,19.69
Urban,5/3/2019 1:24,44.85
Urban,5/3/2019 20:22,21.11
Urban,5/3/2019 22:33,9.01
Urban,5/3/2019 2:36,31.62
Urban,5/3/2019 2:49,36.06
Urban,5/3/2019 4:49,21.38
Urban,5/3/2019 5:43,42.15
Urban,5/3/2019 9:04,24.07
Urban,5/4/2019 10:28,41.54
Urban,5/4/2019 11:41,33.11
Urban,5/4/2019 12:38,8.81
Urban,5/4/2019 14:48,25.66
Urban,5/4/2019 14:56,32.8
Urban,5/4/2019 15:20,36.77
Urban,5/4/2019 15:30,28.93
Urban,5/4/2019 21:50,21.44
Urban,5/4/2019 2:33,24.09
Urban,5/4/2019 2:54,15.14
Urban,5/4/2019 4:36,5.36
Urban,5/4/2019 9:10,28.3
Urban,5/4/2019 9:50,21.62
Urban,5/5/2019 0:44,7.76
Urban,5/5/2019 10:34,17.05
Urban,5/5/2019 11:21,18.77
Urban,5/5/2019 14:17,23.66
Urban,5/5/2019 15:15,38.15
Urban,5/5/2019 15:47,37.75
Urban,5/5/2019 17:29,30.47
Urban,5/5/2019 17:38,14.95
Urban,5/5/2019 1:24,27.57
Urban,5/5/2019 2:00,21.74
Urban,5/5/2019 3:19,22.24
Urban,5/5/2019 5:18,10.15
Urban,5/5/2019 6:26,25.3
Urban,5/5/2019 9:46,26.54
Urban,5/6/2019 12:39,40.79
Urban,5/6/2019 19:34,26.43
Urban,5/6/2019 1:06,17.63
Urban,5/6/2019 22:21,27.16
Urban,5/6/2019 23:22,25.76
Urban,5/6/2019 5:05,43.43
Urban,5/7/2019 10:11,29.66
Urban,5/7/2019 11:23,22.72
Urban,5/7/2019 12:25,4.47
Urban,5/7/2019 12:30,34.03
Urban,5/7/2019 14:58,36.22
Urban,5/7/2019 17:27,6.39
Urban,5/7/2019 1:03,12.35
Urban,5/7/2019 20:05,24.2
Urban,5/7/2019 20:22,18.74
Urban,5/7/2019 2:52,36.51
Urban,5/7/2019 5:55,6.89
Urban,5/7/2019 8:47,25.83
Urban,5/8/2019 11:38,19.77
Urban,5/8/2019 13:10,18.04
Urban,5/8/2019 1:54,32.69
Urban,5/8/2019 2:31,41.33
Urban,5/8/2019 4:20,21.99
Urban,5/8/2019 4:39,18.45
Urban,5/8/2019 7:29,18.55
