city,type,date,fare
0,Rural,1/1/2019 9:45,43.69
1,Rural,1/11/2019 4:39,16.42
2,Rural,1/14/2019 15:58,54.1
3,Rural,1/14/2019 7:09,18.05
4,Rural,1/15/2019 21:44,30.26
5,Rural,1/18/2019 0:46,15.12
6,Rural,1/18/2019 7:36,43.57
7,Rural,1/19/2019 11:40,49.44
8,Rural,1/19/2019 12:38,38.68
9,Rural,1/19/2019 20:21,56.78
10,Rural,1/2/2019 11:18,52.12
11,Rural,1/22/2019 12:42,13.5
12,Rural,1/22/2019 15:36,10.11
13,Rural,1/23/2019 6:52,40.24
14,Rural,1/24/2019 13:32,34.74
15,Rural,1/27/2019 17:33,42.68
16,Rural,1/27/2019 18:43,38.42
17,Rural,1/28/2019 15:55,31.25
18,Rural,1/3/2019 19:51,19.9
19,Rural,1/30/2019 0:05,20.76
20,Rural,1/30/2019 10:55,51.39
21,Rural,1/30/2019 1:40,37.05
22,Rural,1/31/2019 17:57,58.29
23,Rural,1/4/2019 3:31,24.88
24,Rural,1/6/2019 7:38,47.33
25,Rural,1/8/2019 6:19,19.39
26,Rural,1/9/2019 15:30,31.84
27,Rural,2/1/2019 8:59,17.05
28,Rural,2/10/2019 21:03,11.11
29,Rural,2/11/2019 5:42,25.78
30,Rural,2/16/2019 17:02,39.46
31,Rural,2/17/2019 4:42,30.58
32,Rural,2/18/2019 18:27,36.16
33,Rural,2/18/2019 22:21,34.32
34,Rural,2/19/2019 0:23,32.72
35,Rural,2/19/2019 3:52,58.55
36,Rural,2/2/2019 14:54,12.42
37,Rural,2/2/2019 6:28,53.07
38,Rural,2/20/2019 16:32,44.29
39,Rural,2/21/2019 19:16,55.4
40,Rural,2/22/2019 1:46,33.38
41,Rural,2/22/2019 9:01,17.4
42,Rural,2/23/2019 12:00,37.05
43,Rural,2/23/2019 21:12,47.9
44,Rural,2/24/2019 0:44,21.89
45,Rural,2/25/2019 19:06,54.66
46,Rural,2/25/2019 23:46,28.65
47,Rural,2/25/2019 4:10,16.18
48,Rural,2/26/2019 7:03,54.66
49,Rural,2/3/2019 17:15,51.8
50,Rural,2/4/2019 16:29,13.97
51,Rural,2/4/2019 23:54,45.7
52,Rural,2/5/2019 22:53,45.02
53,Rural,3/10/2019 10:05,56.48
54,Rural,3/10/2019 10:11,19.02
55,Rural,3/11/2019 0:51,49.82
56,Rural,3/12/2019 13:05,23.21
57,Rural,3/12/2019 4:22,26.55
58,Rural,3/13/2019 14:40,37.72
59,Rural,3/13/2019 6:41,26.09
60,Rural,3/18/2019 10:38,40.34
61,Rural,3/18/2019 16:59,33.72
62,Rural,3/2/2019 21:04,20.99
63,Rural,3/22/2019 22:20,38.3
64,Rural,3/24/2019 18:53,57.51
65,Rural,3/24/2019 7:34,19.89
66,Rural,3/25/2019 13:36,10.37
67,Rural,3/27/2019 12:07,34.42
68,Rural,3/27/2019 18:27,54.85
69,Rural,3/27/2019 21:07,11.87
70,Rural,3/27/2019 21:48,38.62
71,Rural,3/28/2019 0:12,35.45
72,Rural,3/29/2019 9:11,13.84
73,Rural,3/5/2019 21:19,38.18
74,Rural,3/5/2019 4:46,29.45
75,Rural,3/6/2019 20:06,48.11
76,Rural,3/6/2019 21:44,19.74
77,Rural,3/6/2019 9:09,44.17
78,Rural,3/7/2019 19:10,48.79
79,Rural,4/1/2019 13:39,26.73
80,Rural,4/1/2019 16:37,54.65
81,Rural,4/1/2019 9:32,21.63
82,Rural,4/10/2019 20:46,43.25
83,Rural,4/10/2019 9:47,19.07
125,Suburban,1/1/2019 0:46,47.74
126,Suburban,1/1/2019 12:32,25.56
127,Suburban,1/1/2019 14:52,31.15
128,Suburban,1/1/2019 2:07,24.07
129,Suburban,1/10/2019 0:17,47.52
130,Suburban,1/10/2019 11:08,37.96
131,Suburban,1/10/2019 11:10,40.2
132,Suburban,1/10/2019 11:15,24.65
133,Suburban,1/10/2019 12:41,49.19
134,Suburban,1/10/2019 19:17,33.85
135,Suburban,1/10/2019 4:20,18.22
136,Suburban,1/10/2019 6:32,45.81
137,Suburban,1/10/2019 6:49,27.7
138,Suburban,1/10/2019 8:33,23.02
139,Suburban,1/11/2019 0:04,23.44
140,Suburban,1/11/2019 0:28,49.28
141,Suburban,1/11/2019 16:25,68.61
142,Suburban,1/11/2019 20:17,46.51
143,Suburban,1/11/2019 2:12,12.21
144,Suburban,1/12/2019 22:48,30.79
145,Suburban,1/12/2019 2:10,26.41
146,Suburban,1/13/2019 15:21,23.83
147,Suburban,1/13/2019 15:30,20.93
148,Suburban,1/13/2019 18:22,28.37
149,Suburban,1/13/2019 20:10,19.47
150,Suburban,1/13/2019 4:32,44.66
151,Suburban,1/14/2019 12:35,28.02
152,Suburban,1/14/2019 16:59,15.06
153,Suburban,1/14/2019 19:24,21.46
154,Suburban,1/14/2019 7:33,40.72
155,Suburban,1/14/2019 8:29,25.02
156,Suburban,1/15/2019 12:26,35.34
157,Suburban,1/15/2019 12:51,47.01
158,Suburban,1/15/2019 15:04,22.44
159,Suburban,1/15/2019 18:16,33.95
160,Suburban,1/15/2019 19:03,14.87
161,Suburban,1/15/2019 19:40,28.15
162,Suburban,1/15/2019 3:55,21.97
163,Suburban,1/15/2019 4:53,16.6
164,Suburban,1/16/2019 13:20,47.66
165,Suburban,1/16/2019 13:38,21.06
166,Suburban,1/16/2019 15:44,46.2
167,Suburban,1/16/2019 3:08,20.27
168,Suburban,1/17/2019 17:58,28.28
169,Suburban,1/17/2019 18:16,35.68
170,Suburban,1/17/2019 18:29,28.54
171,Suburban,1/17/2019 1:26,28.65
172,Suburban,1/17/2019 20:12,40.87
173,Suburban,1/17/2019 21:33,21.71
174,Suburban,1/17/2019 4:55,35.94
175,Suburban,1/17/2019 9:19,24.22
176,Suburban,1/18/2019 10:21,14.75
177,Suburban,1/18/2019 10:33,33.04
178,Suburban,1/18/2019 18:40,44.05
179,Suburban,1/18/2019 4:09,32.13
180,Suburban,1/18/2019 6:31,33.07
181,Suburban,1/19/2019 0:13,44.36
182,Suburban,1/19/2019 15:24,24.4
183,Suburban,1/19/2019 19:28,29.94
184,Suburban,1/19/2019 23:24,19.28
185,Suburban,1/19/2019 3:13,41.94
186,Suburban,1/2/2019 0:13,44.71
187,Suburban,1/2/2019 15:38,45.32
188,Suburban,1/2/2019 16:22,47.07
189,Suburban,1/2/2019 16:59,33.62
190,Suburban,1/2/2019 17:52,20.68
191,Suburban,1/2/2019 1:41,49.95
192,Suburban,1/2/2019 7:26,33.57
193,Suburban,1/20/2019 12:47,35.0
194,Suburban,1/20/2019 17:06,38.74
195,Suburban,1/20/2019 19:11,24.53
196,Suburban,1/20/2019 5:00,22.02
197,Suburban,1/20/2019 5:13,20.89
198,Suburban,1/20/2019 8:25,30.37
199,Suburban,1/21/2019 10:21,34.06
200,Suburban,1/21/2019 19:54,41.95
201,Suburban,1/22/2019 0:59,40.67
202,Suburban,1/22/2019 10:21,46.43
203,Suburban,1/22/2019 14:48,32.03
204,Suburban,1/22/2019 14:55,18.45
205,Suburban,1/22/2019 20:43,35.01
206,Suburban,1/22/2019 2:35,48.45
207,Suburban,1/23/2019 0:24,46.83
208,Suburban,1/23/2019 0:46,14.29
209,Suburban,1/23/2019 18:17,26.69
210,Suburban,1/23/2019 19:59,27.09
211,Suburban,1/23/2019 23:42,27.11
212,Suburban,1/23/2019 6:04,24.91
213,Suburban,1/24/2019 19:21,47.83
214,Suburban,1/24/2019 6:29,32.31
215,Suburban,1/24/2019 8:27,23.8
216,Suburban,1/25/2019 10:17,39.35
217,Suburban,1/25/2019 11:35,44.61
218,Suburban,1/25/2019 11:58,48.32
219,Suburban,1/25/2019 12:12,39.12
220,Suburban,1/25/2019 1:04,41.85
221,Suburban,1/25/2019 20:46,32.38
222,Suburban,1/25/2019 21:44,48.81
223,Suburban,1/25/2019 5:27,35.65
224,Suburban,1/25/2019 6:31,24.13
225,Suburban,1/26/2019 11:16,49.22
226,Suburban,1/26/2019 4:48,39.19
227,Suburban,1/26/2019 8:07,23.94
228,Suburban,1/27/2019 12:15,46.97
229,Suburban,1/27/2019 12:18,43.06
230,Suburban,1/27/2019 19:15,22.42
231,Suburban,1/27/2019 3:08,27.79
232,Suburban,1/27/2019 9:53,28.56
233,Suburban,1/28/2019 11:38,35.6
234,Suburban,1/28/2019 11:55,30.98
235,Suburban,1/28/2019 15:34,45.7
236,Suburban,1/28/2019 23:31,21.85
237,Suburban,1/28/2019 8:33,23.73
238,Suburban,1/29/2019 12:51,38.47
239,Suburban,1/29/2019 3:50,48.05
240,Suburban,1/29/2019 4:04,35.5
241,Suburban,1/3/2019 13:04,12.6
242,Suburban,1/3/2019 17:02,47.97
243,Suburban,1/3/2019 1:16,14.61
244,Suburban,1/3/2019 21:29,19.99
245,Suburban,1/3/2019 9:58,38.31
246,Suburban,1/30/2019 14:09,46.7
247,Suburban,1/30/2019 15:08,32.4
248,Suburban,1/30/2019 1:51,17.5
249,Suburban,1/30/2019 20:43,49.52
250,Suburban,1/30/2019 2:27,48.78
251,Suburban,1/30/2019 5:20,36.81
252,Suburban,1/31/2019 19:56,12.87
253,Suburban,1/31/2019 2:16,23.41
254,Suburban,1/4/2019 10:24,20.69
255,Suburban,1/5/2019 13:42,31.48
256,Suburban,1/5/2019 14:49,47.38
257,Suburban,1/5/2019 17:58,22.5
258,Suburban,1/6/2019 11:43,22.8
259,Suburban,1/6/2019 2:08,39.83
260,Suburban,1/7/2019 10:02,28.74
261,Suburban,1/7/2019 10:41,27.44
262,Suburban,1/7/2019 17:32,17.57
263,Suburban,1/7/2019 19:37,46.64
264,Suburban,1/7/2019 20:09,34.62
265,Suburban,1/8/2019 16:01,30.66
266,Suburban,1/8/2019 19:26,26.16
267,Suburban,1/9/2019 11:55,29.19
268,Suburban,1/9/2019 19:41,19.77
269,Suburban,1/9/2019 23:59,48.73
270,Suburban,1/9/2019 3:44,14.41
271,Suburban,1/9/2019 9:01,38.57
272,Suburban,2/1/2019 17:54,38.9
273,Suburban,2/1/2019 20:59,16.11
274,Suburban,2/1/2019 2:36,33.85
275,Suburban,2/1/2019 4:21,20.44
276,Suburban,2/1/2019 4:31,34.09
277,Suburban,2/1/2019 4:56,35.6
278,Suburban,2/10/2019 15:11,20.98
279,Suburban,2/10/2019 16:40,37.22
280,Suburban,2/10/2019 23:43,23.35
281,Suburban,2/10/2019 3:12,35.76
282,Suburban,2/10/2019 7:56,35.39
283,Suburban,2/11/2019 15:07,28.64
284,Suburban,2/11/2019 17:28,17.97
285,Suburban,2/11/2019 17:43,23.06
286,Suburban,2/11/2019 9:00,30.56
287,Suburban,2/12/2019 10:07,49.55
288,Suburban,2/12/2019 17:54,26.49
289,Suburban,2/12/2019 20:27,15.31
290,Suburban,2/12/2019 23:18,47.41
291,Suburban,2/12/2019 2:44,33.19
292,Suburban,2/12/2019 9:45,20.03
293,Suburban,2/13/2019 15:40,31.67
294,Suburban,2/13/2019 6:07,48.59
295,Suburban,2/13/2019 9:16,38.55
296,Suburban,2/13/2019 9:44,42.61
297,Suburban,2/14/2019 17:13,42.13
298,Suburban,2/14/2019 17:38,42.31
299,Suburban,2/14/2019 1:59,30.39
300,Suburban,2/14/2019 20:03,20.26
301,Suburban,2/14/2019 7:07,16.86
302,Suburban,2/15/2019 10:47,45.4
303,Suburban,2/15/2019 13:31,40.6
304,Suburban,2/16/2019 17:34,29.25
305,Suburban,2/16/2019 17:52,22.81
306,Suburban,2/16/2019 17:53,14.94
307,Suburban,2/16/2019 19:18,26.66
308,Suburban,2/16/2019 20:00,20.35
309,Suburban,2/16/2019 3:35,29.99
310,Suburban,2/16/2019 3:51,15.04
311,Suburban,2/16/2019 7:08,39.8
312,Suburban,2/16/2019 7:14,47.31
313,Suburban,2/17/2019 13:16,34.17
314,Suburban,2/17/2019 14:10,22.76
315,Suburban,2/17/2019 17:21,12.6
316,Suburban,2/17/2019 23:01,38.24
317,Suburban,2/18/2019 10:21,41.54
318,Suburban,2/18/2019 10:30,12.55
319,Suburban,2/18/2019 11:25,21.66
320,Suburban,2/18/2019 11:38,47.37
321,Suburban,2/18/2019 11:53,49.38
322,Suburban,2/18/2019 12:17,23.87
323,Suburban,2/18/2019 14:27,40.22
324,Suburban,2/18/2019 18:35,42.32
325,Suburban,2/18/2019 1:12,38.47
326,Suburban,2/18/2019 20:41,35.03
327,Suburban,2/18/2019 6:29,41.32
328,Suburban,2/18/2019 7:04,17.06
329,Suburban,2/18/2019 9:31,38.8
330,Suburban,2/19/2019 12:50,29.37
331,Suburban,2/19/2019 14:30,22.97
332,Suburban,2/19/2019 18:08,45.55
333,Suburban,2/19/2019 19:52,19.52
334,Suburban,2/19/2019 2:23,23.45
335,Suburban,2/19/2019 4:44,31.72
336,Suburban,2/19/2019 7:48,22.23
337,Suburban,2/19/2019 8:21,42.1
338,Suburban,2/2/2019 14:18,17.55
339,Suburban,2/2/2019 19:04,36.71
340,Suburban,2/2/2019 19:14,25.68
341,Suburban,2/2/2019 3:49,26.42
342,Suburban,2/2/2019 5:37,26.45
343,Suburban,2/20/2019 1:41,46.67
344,Suburban,2/20/2019 21:56,33.61
345,Suburban,2/20/2019 4:19,43.09
346,Suburban,2/21/2019 12:56,22.96
347,Suburban,2/21/2019 19:36,41.21
348,Suburban,2/21/2019 1:34,36.37
349,Suburban,2/21/2019 22:04,30.97
350,Suburban,2/21/2019 23:06,23.3
351,Suburban,2/22/2019 14:39,16.97
352,Suburban,2/22/2019 14:40,20.35
353,Suburban,2/22/2019 23:29,23.36
354,Suburban,2/22/2019 6:26,37.51
355,Suburban,2/23/2019 11:22,23.5
356,Suburban,2/23/2019 16:30,26.28
357,Suburban,2/23/2019 4:35,46.02
358,Suburban,2/24/2019 13:40,12.86
359,Suburban,2/24/2019 16:37,36.88
360,Suburban,2/24/2019 16:51,48.8
361,Suburban,2/24/2019 18:02,27.38
362,Suburban,2/24/2019 3:58,40.92
363,Suburban,2/24/2019 6:25,41.57
364,Suburban,2/24/2019 7:58,45.66
365,Suburban,2/25/2019 0:01,22.27
366,Suburban,2/25/2019 10:17,35.8
367,Suburban,2/25/2019 21:40,20.44
368,Suburban,2/25/2019 3:54,26.33
369,Suburban,2/26/2019 11:53,12.49
370,Suburban,2/26/2019 12:23,16.39
371,Suburban,2/26/2019 12:59,12.64
372,Suburban,2/26/2019 17:44,32.7
373,Suburban,2/26/2019 18:56,24.28
374,Suburban,2/27/2019 17:13,44.91
375,Suburban,2/27/2019 17:38,17.1
376,Suburban,2/27/2019 18:56,36.26
377,Suburban,2/28/2019 11:07,41.18
378,Suburban,2/28/2019 20:26,42.71
379,Suburban,2/28/2019 21:02,35.07
380,Suburban,2/28/2019 5:55,46.4
381,Suburban,2/28/2019 7:10,17.09
382,Suburban,2/28/2019 8:46,31.14
383,Suburban,2/3/2019 13:58,33.84
384,Suburban,2/3/2019 14:48,43.39
385,Suburban,2/3/2019 3:14,40.18
386,Suburban,2/3/2019 5:47,22.82
387,Suburban,2/3/2019 8:51,42.89
388,Suburban,2/4/2019 11:01,38.38
389,Suburban,2/4/2019 14:59,45.75
390,Suburban,2/4/2019 19:03,31.44
391,Suburban,2/4/2019 22:35,29.87
392,Suburban,2/4/2019 9:41,49.21
393,Suburban,2/5/2019 18:23,27.55
394,Suburban,2/5/2019 19:25,47.15
395,Suburban,2/5/2019 20:42,46.91
396,Suburban,2/5/2019 22:03,35.76
397,Suburban,2/5/2019 3:17,21.45
398,Suburban,2/6/2019 0:42,13.59
399,Suburban,2/6/2019 16:28,45.86
400,Suburban,2/6/2019 20:06,18.33
401,Suburban,2/6/2019 20:33,33.22
402,Suburban,2/6/2019 20:39,13.03
403,Suburban,2/6/2019 2:32,35.41
404,Suburban,2/7/2019 0:21,12.58
405,Suburban,2/7/2019 13:18,27.02
406,Suburban,2/7/2019 20:52,15.98
407,Suburban,2/7/2019 6:56,31.94
408,Suburban,2/8/2019 10:30,40.27
409,Suburban,2/8/2019 19:50,28.27
410,Suburban,2/8/2019 21:11,27.93
411,Suburban,2/9/2019 12:26,40.83
412,Suburban,2/9/2019 4:01,37.52
413,Suburban,2/9/2019 6:55,26.39
414,Suburban,3/1/2019 13:10,34.24
415,Suburban,3/1/2019 4:34,43.77
416,Suburban,3/10/2019 2:11,40.27
417,Suburban,3/12/2019 10:46,38.26
418,Suburban,3/12/2019 19:25,29.47
419,Suburban,3/12/2019 5:26,23.46
420,Suburban,3/12/2019 6:05,31.23
421,Suburban,3/13/2019 14:50,18.72
422,Suburban,3/13/2019 16:06,14.36
423,Suburban,3/13/2019 23:19,21.62
424,Suburban,3/13/2019 5:28,45.43
425,Suburban,3/13/2019 8:07,27.54
426,Suburban,3/14/2019 0:49,13.09
427,Suburban,3/14/2019 19:44,35.79
428,Suburban,3/14/2019 1:22,47.93
429,Suburban,3/14/2019 23:10,25.12
430,Suburban,3/14/2019 3:47,16.5
431,Suburban,3/14/2019 9:47,44.31
432,Suburban,3/15/2019 12:09,31.58
433,Suburban,3/15/2019 13:10,39.66
434,Suburban,3/15/2019 19:42,37.09
435,Suburban,3/15/2019 5:02,48.34
436,Suburban,3/15/2019 8:22,15.71
437,Suburban,3/16/2019 11:15,20.59
438,Suburban,3/16/2019 18:07,20.1
439,Suburban,3/16/2019 18:10,35.36
440,Suburban,3/16/2019 20:49,19.23
441,Suburban,3/16/2019 23:48,28.99
442,Suburban,3/17/2019 0:39,47.75
443,Suburban,3/17/2019 20:29,44.81
444,Suburban,3/17/2019 4:31,18.09
445,Suburban,3/17/2019 5:25,20.74
446,Suburban,3/17/2019 8:33,45.33
447,Suburban,3/18/2019 11:45,33.83
448,Suburban,3/18/2019 12:07,36.26
449,Suburban,3/18/2019 22:55,35.58
450,Suburban,3/18/2019 2:32,40.81
451,Suburban,3/18/2019 8:04,44.21
452,Suburban,3/19/2019 0:04,33.43
453,Suburban,3/19/2019 10:43,20.04
454,Suburban,3/19/2019 12:25,40.39
455,Suburban,3/19/2019 16:48,29.54
456,Suburban,3/19/2019 17:33,37.42
457,Suburban,3/19/2019 17:37,28.19
458,Suburban,3/19/2019 19:18,46.42
459,Suburban,3/19/2019 19:25,48.98
460,Suburban,3/19/2019 5:25,18.01
461,Suburban,3/19/2019 5:49,45.52
462,Suburban,3/19/2019 6:00,31.16
463,Suburban,3/19/2019 8:13,25.46
464,Suburban,3/19/2019 8:30,44.85
465,Suburban,3/2/2019 12:06,14.95
466,Suburban,3/2/2019 17:06,13.92
467,Suburban,3/2/2019 23:36,36.49
468,Suburban,3/2/2019 2:11,36.81
469,Suburban,3/2/2019 2:47,14.32
470,Suburban,3/2/2019 7:48,33.22
471,Suburban,3/20/2019 18:52,35.09
472,Suburban,3/20/2019 5:36,35.34
473,Suburban,3/21/2019 11:01,17.43
474,Suburban,3/21/2019 1:45,22.12
475,Suburban,3/21/2019 22:45,49.59
476,Suburban,3/22/2019 16:17,38.66
477,Suburban,3/22/2019 20:18,25.86
478,Suburban,3/22/2019 21:54,14.13
479,Suburban,3/22/2019 3:05,38.41
480,Suburban,3/22/2019 5:00,24.8
481,Suburban,3/23/2019 21:53,40.07
482,Suburban,3/23/2019 2:01,40.53
483,Suburban,3/23/2019 9:36,18.58
484,Suburban,3/24/2019 21:04,49.96
485,Suburban,3/24/2019 2:53,31.53
486,Suburban,3/25/2019 12:57,21.89
487,Suburban,3/25/2019 1:20,17.99
488,Suburban,3/25/2019 2:14,40.11
489,Suburban,3/25/2019 8:26,18.16
490,Suburban,3/26/2019 11:33,28.71
491,Suburban,3/26/2019 18:27,54.59
492,Suburban,3/26/2019 19:35,19.22
493,Suburban,3/26/2019 4:20,28.69
494,Suburban,3/26/2019 4:33,19.03
495,Suburban,3/26/2019 5:52,48.26
496,Suburban,3/26/2019 8:11,37.29
497,Suburban,3/26/2019 8:40,26.24
498,Suburban,3/27/2019 11:55,28.8
499,Suburban,3/27/2019 16:22,36.0
500,Suburban,3/27/2019 19:44,49.65
501,Suburban,3/27/2019 1:37,34.65
502,Suburban,3/27/2019 8:12,29.07
503,Suburban,3/27/2019 9:35,34.54
504,Suburban,3/28/2019 11:03,26.01
505,Suburban,3/28/2019 14:25,14.75
506,Suburban,3/28/2019 19:16,34.03
507,Suburban,3/28/2019 1:32,43.77
508,Suburban,3/28/2019 4:12,26.22
509,Suburban,3/28/2019 4:27,17.5
510,Suburban,3/29/2019 20:14,14.77
511,Suburban,3/29/2019 22:38,34.97
512,Suburban,3/29/2019 2:52,44.12
513,Suburban,3/29/2019 4:50,34.84
514,Suburban,3/29/2019 7:24,14.21
515,Suburban,3/29/2019 8:36,37.6
516,Suburban,3/3/2019 13:17,33.97
517,Suburban,3/3/2019 19:43,17.39
518,Suburban,3/3/2019 4:25,46.01
519,Suburban,3/3/2019 6:14,18.17
520,Suburban,3/30/2019 0:54,16.53
521,Suburban,3/30/2019 17:23,23.87
522,Suburban,3/30/2019 9:45,44.74
523,Suburban,3/31/2019 6:05,44.24
524,Suburban,3/4/2019 1:04,16.6
525,Suburban,3/4/2019 21:52,20.83
526,Suburban,3/4/2019 3:06,27.67
527,Suburban,3/4/2019 4:10,17.89
528,Suburban,3/5/2019 11:48,29.12
529,Suburban,3/5/2019 12:31,14.15
530,Suburban,3/5/2019 19:06,25.44
531,Suburban,3/5/2019 19:18,32.29
532,Suburban,3/5/2019 22:01,19.21
533,Suburban,3/5/2019 22:04,48.2
534,Suburban,3/5/2019 4:33,13.39
535,Suburban,3/6/2019 10:01,13.86
536,Suburban,3/6/2019 14:00,35.95
537,Suburban,3/6/2019 17:11,15.53
538,Suburban,3/6/2019 3:55,25.69
539,Suburban,3/6/2019 6:36,46.07
540,Suburban,3/6/2019 8:49,13.61
541,Suburban,3/7/2019 17:57,26.55
542,Suburban,3/7/2019 22:30,29.43
543,Suburban,3/7/2019 2:22,39.17
544,Suburban,3/7/2019 2:57,29.34
545,Suburban,3/8/2019 11:06,41.85
546,Suburban,3/8/2019 15:28,31.71
547,Suburban,3/8/2019 16:35,26.12
548,Suburban,3/8/2019 17:43,34.45
549,Suburban,3/8/2019 19:51,16.35
550,Suburban,3/8/2019 4:55,43.79
551,Suburban,3/8/2019 5:29,42.68
552,Suburban,3/9/2019 11:22,21.44
553,Suburban,3/9/2019 23:07,26.24
554,Suburban,3/9/2019 2:23,35.3
555,Suburban,3/9/2019 9:54,25.08
556,Suburban,4/1/2019 0:02,24.4
557,Suburban,4/1/2019 22:04,38.71
558,Suburban,4/1/2019 3:17,28.07
559,Suburban,4/1/2019 3:46,23.73
560,Suburban,4/10/2019 10:56,32.26
561,Suburban,4/10/2019 20:04,35.83
562,Suburban,4/10/2019 20:44,21.38
563,Suburban,4/10/2019 23:05,48.31
564,Suburban,4/10/2019 3:39,34.14
565,Suburban,4/10/2019 4:41,38.08
566,Suburban,4/10/2019 6:25,30.41
747,Urban,1/1/2019 0:08,37.91
748,Urban,1/1/2019 14:40,5.42
749,Urban,1/1/2019 14:42,12.31
750,Urban,1/1/2019 17:22,42.11
751,Urban,1/1/2019 21:04,11.71
752,Urban,1/1/2019 3:46,7.57
753,Urban,1/1/2019 5:23,10.75
754,Urban,1/10/2019 12:17,12.74
755,Urban,1/10/2019 17:29,19.91
756,Urban,1/10/2019 23:48,37.58
757,Urban,1/10/2019 2:31,32.34
758,Urban,1/10/2019 2:57,37.03
759,Urban,1/10/2019 3:37,23.62
760,Urban,1/10/2019 9:40,43.01
761,Urban,1/11/2019 10:41,8.02
762,Urban,1/11/2019 11:02,39.99
763,Urban,1/11/2019 11:10,5.16
764,Urban,1/11/2019 12:59,37.44
765,Urban,1/11/2019 14:18,23.21
766,Urban,1/11/2019 14:23,43.07
767,Urban,1/11/2019 17:15,36.78
768,Urban,1/11/2019 18:44,27.41
769,Urban,1/11/2019 19:18,31.31
770,Urban,1/11/2019 1:36,25.07
771,Urban,1/11/2019 21:37,44.76
772,Urban,1/11/2019 2:22,29.24
773,Urban,1/11/2019 4:27,44.34
774,Urban,1/11/2019 5:08,19.64
775,Urban,1/11/2019 9:50,18.42
776,Urban,1/12/2019 12:45,5.77
777,Urban,1/12/2019 16:34,31.98
778,Urban,1/12/2019 19:19,9.97
779,Urban,1/12/2019 19:38,37.66
780,Urban,1/12/2019 1:19,10.64
781,Urban,1/12/2019 1:28,37.73
782,Urban,1/12/2019 1:45,26.86
783,Urban,1/12/2019 1:55,20.46
784,Urban,1/12/2019 20:07,17.85
785,Urban,1/12/2019 23:20,21.64
786,Urban,1/12/2019 4:35,24.83
787,Urban,1/12/2019 5:07,36.82
788,Urban,1/12/2019 5:52,42.31
789,Urban,1/12/2019 6:17,7.05
790,Urban,1/12/2019 7:32,39.45
791,Urban,1/12/2019 9:42,20.82
792,Urban,1/13/2019 0:03,9.37
793,Urban,1/13/2019 10:08,25.81
794,Urban,1/13/2019 13:34,24.81
795,Urban,1/13/2019 16:04,23.35
796,Urban,1/13/2019 16:18,16.92
797,Urban,1/13/2019 18:33,29.9
798,Urban,1/13/2019 1:03,17.33
799,Urban,1/13/2019 23:53,41.86
800,Urban,1/14/2019 10:14,13.83
801,Urban,1/14/2019 10:53,19.68
802,Urban,1/14/2019 11:00,19.81
803,Urban,1/14/2019 17:06,40.65
804,Urban,1/14/2019 18:07,9.71
805,Urban,1/14/2019 18:26,41.66
806,Urban,1/14/2019 1:15,24.82
807,Urban,1/14/2019 20:49,40.21
808,Urban,1/14/2019 20:53,26.58
809,Urban,1/14/2019 22:04,24.14
810,Urban,1/14/2019 2:07,24.71
811,Urban,1/14/2019 3:43,31.88
812,Urban,1/14/2019 9:19,43.27
813,Urban,1/15/2019 0:10,44.33
814,Urban,1/15/2019 11:44,40.69
815,Urban,1/15/2019 11:49,21.44
816,Urban,1/15/2019 14:51,13.38
817,Urban,1/15/2019 15:27,27.24
818,Urban,1/15/2019 18:25,11.71
819,Urban,1/15/2019 18:45,40.32
820,Urban,1/15/2019 21:21,13.43
821,Urban,1/15/2019 21:25,30.42
822,Urban,1/15/2019 2:30,21.95
823,Urban,1/15/2019 2:59,19.52
824,Urban,1/15/2019 5:51,5.58
825,Urban,1/15/2019 6:27,24.13
826,Urban,1/15/2019 7:42,30.93
827,Urban,1/15/2019 7:55,14.55
828,Urban,1/15/2019 8:14,33.91
829,Urban,1/15/2019 8:50,4.1
830,Urban,1/16/2019 11:59,20.07
831,Urban,1/16/2019 13:52,41.26
832,Urban,1/16/2019 16:17,7.04
833,Urban,1/16/2019 17:13,22.26
834,Urban,1/16/2019 21:55,6.02
835,Urban,1/16/2019 22:42,11.97
836,Urban,1/16/2019 2:06,4.89
837,Urban,1/16/2019 3:42,7.08
838,Urban,1/16/2019 3:43,14.93
839,Urban,1/16/2019 6:23,25.97
840,Urban,1/16/2019 8:38,31.34
841,Urban,1/16/2019 9:27,26.27
842,Urban,1/17/2019 10:15,40.82
843,Urban,1/17/2019 11:37,8.68
844,Urban,1/17/2019 12:10,41.48
845,Urban,1/17/2019 12:18,11.6
846,Urban,1/17/2019 13:15,28.42
847,Urban,1/17/2019 14:08,27.92
848,Urban,1/17/2019 14:30,9.04
849,Urban,1/17/2019 16:17,33.29
850,Urban,1/17/2019 17:07,24.86
851,Urban,1/17/2019 17:45,23.46
852,Urban,1/17/2019 18:14,18.27
853,Urban,1/17/2019 21:35,24.84
854,Urban,1/17/2019 2:00,34.55
855,Urban,1/17/2019 2:12,32.19
856,Urban,1/17/2019 3:43,5.78
857,Urban,1/17/2019 4:00,32.29
858,Urban,1/17/2019 4:56,12.71
859,Urban,1/17/2019 5:32,7.87
860,Urban,1/17/2019 9:28,24.19
861,Urban,1/18/2019 0:03,32.11
862,Urban,1/18/2019 10:57,16.96
863,Urban,1/18/2019 10:59,4.66
864,Urban,1/18/2019 11:45,19.98
865,Urban,1/18/2019 12:47,43.85
866,Urban,1/18/2019 12:48,15.36
867,Urban,1/18/2019 15:26,20.68
868,Urban,1/18/2019 20:09,10.98
869,Urban,1/18/2019 2:32,31.92
870,Urban,1/18/2019 6:04,5.69
871,Urban,1/18/2019 7:41,23.35
872,Urban,1/19/2019 0:36,40.4
873,Urban,1/19/2019 13:08,4.86
874,Urban,1/19/2019 19:40,6.71
875,Urban,1/19/2019 19:54,38.58
876,Urban,1/19/2019 23:06,15.83
877,Urban,1/2/2019 0:44,43.72
878,Urban,1/2/2019 0:56,37.34
879,Urban,1/2/2019 11:51,7.45
880,Urban,1/2/2019 14:14,13.89
881,Urban,1/2/2019 1:46,34.79
882,Urban,1/2/2019 20:08,10.19
883,Urban,1/2/2019 20:52,33.08
884,Urban,1/2/2019 21:27,19.57
885,Urban,1/2/2019 23:23,36.13
886,Urban,1/2/2019 6:55,16.96
887,Urban,1/2/2019 9:28,19.81
888,Urban,1/2/2019 9:57,33.06
889,Urban,1/20/2019 12:13,6.66
890,Urban,1/20/2019 17:35,24.0
891,Urban,1/20/2019 18:47,18.79
892,Urban,1/20/2019 1:27,38.39
893,Urban,1/20/2019 1:34,38.66
894,Urban,1/20/2019 23:10,25.94
895,Urban,1/20/2019 5:30,34.72
896,Urban,1/21/2019 11:49,27.68
897,Urban,1/21/2019 12:12,37.25
898,Urban,1/21/2019 12:14,8.07
899,Urban,1/21/2019 12:52,14.09
900,Urban,1/21/2019 14:48,19.44
901,Urban,1/21/2019 16:07,62.08
902,Urban,1/21/2019 16:26,22.86
903,Urban,1/21/2019 17:04,18.3
904,Urban,1/21/2019 17:21,27.11
905,Urban,1/21/2019 19:25,23.14
906,Urban,1/21/2019 1:50,42.75
907,Urban,1/21/2019 20:51,33.47
908,Urban,1/21/2019 21:00,33.06
909,Urban,1/21/2019 23:20,10.91
910,Urban,1/21/2019 2:29,32.92
911,Urban,1/21/2019 3:20,28.59
912,Urban,1/21/2019 4:12,9.26
913,Urban,1/21/2019 4:20,21.81
914,Urban,1/21/2019 5:10,32.68
915,Urban,1/21/2019 9:48,22.36
916,Urban,1/22/2019 13:10,24.17
917,Urban,1/22/2019 13:11,24.72
918,Urban,1/22/2019 17:25,31.68
919,Urban,1/22/2019 2:15,17.74
920,Urban,1/22/2019 2:28,32.18
921,Urban,1/22/2019 9:08,38.3
922,Urban,1/23/2019 10:13,10.12
923,Urban,1/23/2019 12:32,23.24
924,Urban,1/23/2019 13:00,42.45
925,Urban,1/23/2019 13:23,37.68
926,Urban,1/23/2019 17:51,19.62
927,Urban,1/23/2019 18:16,21.64
928,Urban,1/23/2019 20:35,39.95
929,Urban,1/23/2019 21:22,6.54
930,Urban,1/23/2019 21:23,30.93
931,Urban,1/23/2019 21:43,21.11
932,Urban,1/23/2019 22:51,21.95
933,Urban,1/23/2019 23:30,37.62
934,Urban,1/23/2019 5:22,40.17
935,Urban,1/23/2019 5:56,22.54
936,Urban,1/23/2019 5:58,32.77
937,Urban,1/23/2019 9:08,35.51
938,Urban,1/24/2019 10:16,8.83
939,Urban,1/24/2019 12:24,34.65
940,Urban,1/24/2019 16:52,31.4
941,Urban,1/24/2019 17:07,42.36
942,Urban,1/24/2019 19:32,38.79
943,Urban,1/24/2019 1:46,40.15
944,Urban,1/24/2019 5:58,9.21
945,Urban,1/24/2019 7:08,17.83
946,Urban,1/24/2019 7:48,9.39
947,Urban,1/25/2019 0:47,41.17
948,Urban,1/25/2019 12:19,41.05
949,Urban,1/25/2019 12:29,20.03
950,Urban,1/25/2019 13:17,28.14
951,Urban,1/25/2019 15:19,15.04
952,Urban,1/25/2019 15:35,14.52
953,Urban,1/25/2019 1:33,44.75
954,Urban,1/25/2019 1:59,26.03
955,Urban,1/25/2019 20:18,23.27
956,Urban,1/25/2019 3:33,19.6
957,Urban,1/25/2019 5:04,38.15
958,Urban,1/25/2019 6:48,14.65
959,Urban,1/25/2019 8:14,31.02
960,Urban,1/26/2019 14:42,11.13
961,Urban,1/26/2019 19:19,13.77
962,Urban,1/26/2019 21:29,14.68
963,Urban,1/26/2019 2:37,5.59
964,Urban,1/27/2019 0:57,28.46
965,Urban,1/27/2019 13:10,30.16
966,Urban,1/27/2019 13:40,38.97
967,Urban,1/27/2019 14:46,29.08
968,Urban,1/27/2019 14:49,23.09
969,Urban,1/27/2019 15:52,41.76
970,Urban,1/27/2019 19:38,15.45
971,Urban,1/27/2019 19:45,13.4
972,Urban,1/27/2019 1:01,24.56
973,Urban,1/27/2019 4:30,29.05
974,Urban,1/27/2019 5:35,5.21
975,Urban,1/27/2019 7:35,28.41
976,Urban,1/27/2019 8:09,29.36
977,Urban,1/27/2019 8:52,7.65
978,Urban,1/27/2019 9:35,9.24
979,Urban,1/28/2019 0:07,5.67
980,Urban,1/28/2019 10:23,21.72
981,Urban,1/28/2019 15:40,44.91
982,Urban,1/28/2019 15:49,25.98
983,Urban,1/28/2019 22:09,28.11
984,Urban,1/28/2019 22:22,5.58
985,Urban,1/28/2019 23:59,15.49
986,Urban,1/28/2019 2:32,23.95
987,Urban,1/28/2019 3:13,31.65
988,Urban,1/28/2019 9:57,42.24
989,Urban,1/29/2019 0:19,41.05
990,Urban,1/29/2019 11:26,35.23
991,Urban,1/29/2019 13:01,9.81
992,Urban,1/29/2019 16:12,17.57
993,Urban,1/29/2019 20:13,43.12
994,Urban,1/29/2019 20:40,9.79
995,Urban,1/29/2019 21:11,25.39
996,Urban,1/29/2019 23:28,41.06
997,Urban,1/29/2019 2:13,7.58
998,Urban,1/29/2019 6:40,26.79
999,Urban,1/29/2019 7:28,41.62
1000,Urban,1/29/2019 8:17,38.68
1001,Urban,1/3/2019 10:03,17.16
1002,Urban,1/3/2019 15:37,17.61
1003,Urban,1/3/2019 16:19,18.93
1004,Urban,1/3/2019 1:03,17.97
1005,Urban,1/3/2019 1:06,5.32
1006,Urban,1/3/2019 21:45,36.28
1007,Urban,1/3/2019 22:50,5.81
1008,Urban,1/3/2019 23:11,4.95
1009,Urban,1/3/2019 5:45,25.47
1010,Urban,1/3/2019 5:56,37.4
1011,Urban,1/3/2019 6:18,39.16
1012,Urban,1/3/2019 6:49,34.42
1013,Urban,1/30/2019 10:51,8.79
1014,Urban,1/30/2019 11:32,43.02
1015,Urban,1/30/2019 12:34,16.99
1016,Urban,1/30/2019 12:35,8.57
1017,Urban,1/30/2019 12:59,30.84
1018,Urban,1/30/2019 15:21,7.02
1019,Urban,1/30/2019 15:37,25.64
1020,Urban,1/30/2019 17:41,36.78
1021,Urban,1/30/2019 18:08,19.13
1022,Urban,1/30/2019 18:20,16.5
1023,Urban,1/30/2019 18:46,32.31
1024,Urban,1/30/2019 1:19,38.78
1025,Urban,1/30/2019 21:18,8.87
1026,Urban,1/30/2019 21:46,29.09
1027,Urban,1/30/2019 22:09,6.32
1028,Urban,1/30/2019 8:11,16.85
1029,Urban,1/30/2019 8:51,22.9
1030,Urban,1/31/2019 11:17,23.36
1031,Urban,1/31/2019 13:24,38.28
1032,Urban,1/31/2019 14:51,43.92
1033,Urban,1/31/2019 15:03,20.36
1034,Urban,1/31/2019 15:50,36.28
1035,Urban,1/31/2019 17:10,9.67
1036,Urban,1/31/2019 23:20,14.82
1037,Urban,1/31/2019 23:29,13.69
1038,Urban,1/31/2019 2:31,6.8
1039,Urban,1/31/2019 2:49,19.23
1040,Urban,1/31/2019 2:51,21.75
1041,Urban,1/31/2019 5:16,39.23
1042,Urban,1/31/2019 5:32,20.8
1043,Urban,1/31/2019 9:17,14.11
1044,Urban,1/4/2019 13:30,4.56
1045,Urban,1/4/2019 15:56,31.99
1046,Urban,1/4/2019 16:38,37.2
1047,Urban,1/4/2019 20:45,20.33
1048,Urban,1/4/2019 21:06,34.77
1049,Urban,1/4/2019 23:57,24.37
1050,Urban,1/4/2019 2:56,32.75
1051,Urban,1/4/2019 3:16,9.1
1052,Urban,1/4/2019 4:30,15.47
1053,Urban,1/4/2019 6:10,35.35
1054,Urban,1/4/2019 9:32,12.25
1055,Urban,1/5/2019 0:44,21.59
1056,Urban,1/5/2019 10:59,16.22
1057,Urban,1/5/2019 11:31,13.14
1058,Urban,1/5/2019 14:35,5.92
1059,Urban,1/5/2019 15:36,37.91
1060,Urban,1/5/2019 16:36,39.44
1061,Urban,1/5/2019 16:39,26.72
1062,Urban,1/5/2019 17:16,44.68
1063,Urban,1/5/2019 17:44,28.79
1064,Urban,1/5/2019 17:50,41.55
1065,Urban,1/5/2019 18:22,35.35
1066,Urban,1/5/2019 19:32,27.02
1067,Urban,1/5/2019 22:21,33.51
1068,Urban,1/5/2019 5:02,34.11
1069,Urban,1/5/2019 5:57,39.9
1070,Urban,1/5/2019 8:35,21.57
1071,Urban,1/5/2019 9:33,39.47
1072,Urban,1/6/2019 12:30,27.71
1073,Urban,1/6/2019 13:23,11.01
1074,Urban,1/6/2019 20:14,43.5
1075,Urban,1/6/2019 20:15,21.19
1076,Urban,1/6/2019 20:23,28.74
1077,Urban,1/6/2019 2:20,27.2
1078,Urban,1/6/2019 8:34,43.05
1079,Urban,1/7/2019 12:05,7.86
1080,Urban,1/7/2019 15:53,20.01
1081,Urban,1/7/2019 18:47,43.61
1082,Urban,1/7/2019 19:02,16.26
1083,Urban,1/7/2019 19:34,21.5
1084,Urban,1/7/2019 20:03,20.49
1085,Urban,1/7/2019 20:29,5.56
1086,Urban,1/7/2019 2:17,6.54
1087,Urban,1/7/2019 2:23,24.5
1088,Urban,1/7/2019 5:12,15.22
1089,Urban,1/7/2019 5:43,19.08
1090,Urban,1/7/2019 9:41,17.39
1091,Urban,1/8/2019 0:29,29.4
1092,Urban,1/8/2019 11:48,39.81
1093,Urban,1/8/2019 13:51,9.5
1094,Urban,1/8/2019 17:33,43.75
1095,Urban,1/8/2019 18:59,13.34
1096,Urban,1/8/2019 23:32,10.74
1097,Urban,1/8/2019 23:51,42.13
1098,Urban,1/8/2019 3:28,35.09
1099,Urban,1/8/2019 5:21,25.84
1100,Urban,1/8/2019 5:59,13.01
1101,Urban,1/8/2019 8:25,37.78
1102,Urban,1/8/2019 8:49,22.64
1103,Urban,1/8/2019 9:03,32.99
1104,Urban,1/8/2019 9:38,23.77
1105,Urban,1/9/2019 15:10,40.73
1106,Urban,1/9/2019 15:24,44.46
1107,Urban,1/9/2019 1:48,10.68
1108,Urban,1/9/2019 20:31,21.13
1109,Urban,1/9/2019 20:59,44.44
1110,Urban,1/9/2019 22:56,15.31
1111,Urban,1/9/2019 7:00,13.55
1112,Urban,1/9/2019 8:20,41.04
1113,Urban,2/1/2019 11:28,26.72
1114,Urban,2/1/2019 11:37,30.94
1115,Urban,2/1/2019 12:52,39.27
1116,Urban,2/1/2019 14:11,9.68
1117,Urban,2/1/2019 16:39,37.7
1118,Urban,2/1/2019 19:45,31.64
1119,Urban,2/1/2019 20:17,32.9
1120,Urban,2/1/2019 20:18,10.26
1121,Urban,2/1/2019 21:16,31.07
1122,Urban,2/1/2019 22:32,28.37
1123,Urban,2/1/2019 22:43,32.03
1124,Urban,2/1/2019 3:23,22.39
1125,Urban,2/1/2019 5:51,13.86
1126,Urban,2/10/2019 12:42,6.69
1127,Urban,2/10/2019 13:50,11.24
1128,Urban,2/10/2019 19:41,8.42
1129,Urban,2/10/2019 20:19,31.38
1130,Urban,2/10/2019 20:42,36.17
1131,Urban,2/10/2019 23:22,23.44
1132,Urban,2/10/2019 23:32,25.79
1133,Urban,2/10/2019 2:55,24.39
1134,Urban,2/10/2019 6:34,25.36
1135,Urban,2/10/2019 8:14,40.82
1136,Urban,2/10/2019 9:16,38.54
1137,Urban,2/11/2019 0:24,43.19
1138,Urban,2/11/2019 11:59,38.0
1139,Urban,2/11/2019 18:51,43.26
1140,Urban,2/11/2019 20:25,33.21
1141,Urban,2/11/2019 21:07,4.75
1142,Urban,2/11/2019 23:07,10.05
1143,Urban,2/11/2019 3:01,35.89
1144,Urban,2/11/2019 3:46,30.41
1145,Urban,2/11/2019 5:48,15.55
1146,Urban,2/11/2019 8:12,28.03
1147,Urban,2/12/2019 14:24,11.7
1148,Urban,2/12/2019 16:31,28.92
1149,Urban,2/12/2019 16:32,30.22
1150,Urban,2/12/2019 16:33,22.64
1151,Urban,2/12/2019 18:45,6.76
1152,Urban,2/12/2019 1:18,44.33
1153,Urban,2/12/2019 1:20,14.8
1154,Urban,2/12/2019 20:45,25.58
1155,Urban,2/12/2019 22:04,23.69
1156,Urban,2/12/2019 22:59,5.54
1157,Urban,2/12/2019 3:42,5.78
1158,Urban,2/12/2019 6:52,36.01
1159,Urban,2/12/2019 7:41,27.7
1160,Urban,2/12/2019 7:58,37.0
1161,Urban,2/13/2019 10:29,7.43
1162,Urban,2/13/2019 11:01,43.96
1163,Urban,2/13/2019 11:40,16.79
1164,Urban,2/13/2019 12:46,14.0
1165,Urban,2/13/2019 16:46,44.33
1166,Urban,2/13/2019 17:32,25.72
1167,Urban,2/13/2019 20:07,33.72
1168,Urban,2/13/2019 23:56,10.18
1169,Urban,2/13/2019 3:55,24.16
1170,Urban,2/13/2019 9:20,32.64
1171,Urban,2/14/2019 11:25,39.4
1172,Urban,2/14/2019 11:29,4.11
1173,Urban,2/14/2019 13:00,42.04
1174,Urban,2/14/2019 14:00,39.53
1175,Urban,2/14/2019 14:40,11.06
1176,Urban,2/14/2019 18:21,43.93
1177,Urban,2/14/2019 19:48,24.49
1178,Urban,2/14/2019 22:52,30.0
1179,Urban,2/14/2019 2:51,27.16
1180,Urban,2/14/2019 3:27,44.11
1181,Urban,2/14/2019 4:42,18.38
1182,Urban,2/14/2019 5:24,19.42
1183,Urban,2/14/2019 5:55,42.5
1184,Urban,2/15/2019 0:51,36.7
1185,Urban,2/15/2019 14:32,17.35
1186,Urban,2/15/2019 15:13,44.03
1187,Urban,2/15/2019 17:00,25.84
1188,Urban,2/15/2019 23:58,28.18
1189,Urban,2/15/2019 2:10,42.61
1190,Urban,2/15/2019 2:18,15.93
1191,Urban,2/15/2019 4:21,12.28
1192,Urban,2/15/2019 6:49,22.75
1193,Urban,2/15/2019 8:01,44.12
1194,Urban,2/15/2019 9:18,4.63
1195,Urban,2/16/2019 10:23,14.95
1196,Urban,2/16/2019 12:22,30.23
1197,Urban,2/16/2019 13:52,17.92
1198,Urban,2/16/2019 15:06,37.75
1199,Urban,2/16/2019 17:25,15.33
1200,Urban,2/16/2019 1:49,17.58
1201,Urban,2/16/2019 21:02,34.42
1202,Urban,2/16/2019 2:04,20.64
1203,Urban,2/16/2019 2:15,12.15
1204,Urban,2/16/2019 2:35,9.48
1205,Urban,2/16/2019 4:31,24.31
1206,Urban,2/17/2019 0:27,35.11
1207,Urban,2/17/2019 10:04,10.52
1208,Urban,2/17/2019 13:21,32.44
1209,Urban,2/17/2019 15:51,25.33
1210,Urban,2/17/2019 19:23,37.19
1211,Urban,2/17/2019 21:48,34.27
1212,Urban,2/17/2019 2:06,39.7
1213,Urban,2/17/2019 3:30,4.4
1214,Urban,2/17/2019 5:01,22.66
1215,Urban,2/17/2019 5:30,11.7
1216,Urban,2/17/2019 5:51,21.74
1217,Urban,2/17/2019 6:28,41.49
1218,Urban,2/17/2019 7:39,17.03
1219,Urban,2/17/2019 7:58,44.47
1220,Urban,2/17/2019 8:20,37.44
1221,Urban,2/17/2019 9:54,30.25
1222,Urban,2/17/2019 9:55,18.08
1223,Urban,2/18/2019 11:51,44.97
1224,Urban,2/18/2019 11:58,23.98
1225,Urban,2/18/2019 14:47,20.16
1226,Urban,2/18/2019 15:01,43.47
1227,Urban,2/18/2019 18:49,39.06
1228,Urban,2/18/2019 19:28,44.08
1229,Urban,2/18/2019 21:09,39.97
1230,Urban,2/18/2019 23:43,38.97
1231,Urban,2/18/2019 2:03,8.32
1232,Urban,2/18/2019 2:31,18.75
1233,Urban,2/18/2019 3:09,31.49
1234,Urban,2/18/2019 7:47,20.62
1235,Urban,2/18/2019 8:17,38.09
1236,Urban,2/18/2019 9:22,25.02
1237,Urban,2/19/2019 0:53,40.64
1238,Urban,2/19/2019 11:01,17.77
1239,Urban,2/19/2019 13:19,33.07
1240,Urban,2/19/2019 13:59,21.27
1241,Urban,2/19/2019 14:09,27.11
1242,Urban,2/19/2019 16:11,12.25
1243,Urban,2/19/2019 16:22,36.39
1244,Urban,2/19/2019 19:49,40.98
1245,Urban,2/19/2019 20:47,28.62
1246,Urban,2/19/2019 20:48,4.07
1247,Urban,2/19/2019 20:56,17.41
1248,Urban,2/19/2019 21:08,7.64
1249,Urban,2/19/2019 22:53,27.9
1250,Urban,2/19/2019 2:20,39.59
1251,Urban,2/19/2019 2:25,26.83
1252,Urban,2/19/2019 3:19,7.05
1253,Urban,2/19/2019 4:01,36.27
1254,Urban,2/19/2019 4:45,15.87
1255,Urban,2/19/2019 8:25,13.02
1256,Urban,2/2/2019 11:56,12.77
1257,Urban,2/2/2019 12:51,42.52
1258,Urban,2/2/2019 14:14,41.47
1259,Urban,2/2/2019 14:50,10.54
1260,Urban,2/2/2019 16:37,17.19
1261,Urban,2/2/2019 1:57,39.28
1262,Urban,2/2/2019 23:09,7.12
1263,Urban,2/2/2019 2:52,29.07
1264,Urban,2/2/2019 3:52,22.53
1265,Urban,2/20/2019 10:47,17.07
1266,Urban,2/20/2019 15:05,31.31
1267,Urban,2/20/2019 15:23,26.9
1268,Urban,2/20/2019 16:59,24.29
1269,Urban,2/20/2019 18:45,28.24
1270,Urban,2/20/2019 19:14,38.28
1271,Urban,2/20/2019 19:32,13.34
1272,Urban,2/20/2019 1:05,19.65
1273,Urban,2/20/2019 4:27,27.1
1274,Urban,2/20/2019 6:07,8.44
1275,Urban,2/20/2019 9:30,28.13
1276,Urban,2/20/2019 9:42,41.16
1277,Urban,2/21/2019 10:56,4.9
1278,Urban,2/21/2019 12:29,27.68
1279,Urban,2/21/2019 13:09,7.49
1280,Urban,2/21/2019 13:51,29.99
1281,Urban,2/21/2019 15:09,23.48
1282,Urban,2/21/2019 16:38,44.18
1283,Urban,2/21/2019 17:53,7.06
1284,Urban,2/21/2019 18:44,19.81
1285,Urban,2/21/2019 18:53,36.21
1286,Urban,2/21/2019 20:28,12.44
1287,Urban,2/21/2019 20:37,24.13
1288,Urban,2/21/2019 22:19,5.95
1289,Urban,2/21/2019 2:37,27.56
1290,Urban,2/21/2019 6:55,22.65
1291,Urban,2/21/2019 8:05,34.21
1292,Urban,2/21/2019 8:28,40.55
1293,Urban,2/21/2019 8:59,40.05
1294,Urban,2/22/2019 15:00,16.46
1295,Urban,2/22/2019 18:15,7.13
1296,Urban,2/22/2019 19:42,27.48
1297,Urban,2/22/2019 1:56,25.33
1298,Urban,2/22/2019 22:11,17.35
1299,Urban,2/22/2019 22:46,10.19
1300,Urban,2/22/2019 23:54,7.64
1301,Urban,2/22/2019 2:22,19.44
1302,Urban,2/22/2019 3:55,6.39
1303,Urban,2/22/2019 4:05,23.09
1304,Urban,2/22/2019 4:25,20.56
1305,Urban,2/22/2019 7:07,18.67
1306,Urban,2/22/2019 7:44,22.52
1307,Urban,2/23/2019 0:15,15.48
1308,Urban,2/23/2019 0:41,15.94
1309,Urban,2/23/2019 11:13,4.24
1310,Urban,2/23/2019 11:46,19.99
1311,Urban,2/23/2019 13:48,18.15
1312,Urban,2/23/2019 13:51,9.25
1313,Urban,2/23/2019 14:58,41.98
1314,Urban,2/23/2019 17:42,4.68
1315,Urban,2/23/2019 19:13,14.04
1316,Urban,2/23/2019 19:46,33.24
1317,Urban,2/23/2019 1:19,7.08
1318,Urban,2/23/2019 1:34,31.97
1319,Urban,2/23/2019 6:10,26.63
1320,Urban,2/23/2019 8:31,15.61
1321,Urban,2/24/2019 10:26,7.8
1322,Urban,2/24/2019 12:05,9.63
1323,Urban,2/24/2019 15:39,8.33
1324,Urban,2/24/2019 19:34,34.82
1325,Urban,2/24/2019 22:01,8.48
1326,Urban,2/24/2019 22:20,35.63
1327,Urban,2/24/2019 23:10,43.66
1328,Urban,2/24/2019 2:56,40.33
1329,Urban,2/24/2019 4:29,33.44
1330,Urban,2/24/2019 4:41,40.8
1331,Urban,2/24/2019 5:39,27.64
1332,Urban,2/24/2019 6:14,39.2
1333,Urban,2/24/2019 7:57,39.12
1334,Urban,2/24/2019 8:40,13.93
1335,Urban,2/25/2019 11:11,15.94
1336,Urban,2/25/2019 12:18,14.51
1337,Urban,2/25/2019 18:39,15.06
1338,Urban,2/25/2019 23:06,25.87
1339,Urban,2/25/2019 2:33,10.21
1340,Urban,2/25/2019 4:32,13.58
1341,Urban,2/25/2019 8:26,32.37
1342,Urban,2/26/2019 10:01,28.52
1343,Urban,2/26/2019 11:57,13.88
1344,Urban,2/26/2019 13:01,38.05
1345,Urban,2/26/2019 18:42,8.85
1346,Urban,2/26/2019 20:40,35.61
1347,Urban,2/26/2019 5:03,25.18
1348,Urban,2/26/2019 5:24,19.05
1349,Urban,2/26/2019 6:48,7.81
1350,Urban,2/26/2019 9:36,18.76
1351,Urban,2/27/2019 0:40,25.4
1352,Urban,2/27/2019 0:58,13.38
1353,Urban,2/27/2019 11:17,43.25
1354,Urban,2/27/2019 11:19,35.19
1355,Urban,2/27/2019 11:42,36.87
1356,Urban,2/27/2019 18:08,43.31
1357,Urban,2/27/2019 1:34,35.31
1358,Urban,2/27/2019 20:51,8.37
1359,Urban,2/27/2019 2:00,10.4
1360,Urban,2/27/2019 2:44,11.33
1361,Urban,2/27/2019 3:58,27.4
1362,Urban,2/27/2019 4:29,22.81
1363,Urban,2/27/2019 6:43,32.73
1364,Urban,2/27/2019 7:09,9.43
1365,Urban,2/27/2019 8:19,33.34
1366,Urban,2/28/2019 12:03,31.82
1367,Urban,2/28/2019 13:10,9.08
1368,Urban,2/28/2019 14:54,42.2
1369,Urban,2/28/2019 15:08,44.96
1370,Urban,2/28/2019 15:20,30.3
1371,Urban,2/28/2019 16:10,11.26
1372,Urban,2/28/2019 16:46,33.72
1373,Urban,2/28/2019 18:19,11.1
1374,Urban,2/28/2019 1:14,36.87
1375,Urban,2/28/2019 20:01,38.42
1376,Urban,2/28/2019 20:02,31.01
1377,Urban,2/28/2019 21:39,14.4
1378,Urban,2/28/2019 22:50,13.39
1379,Urban,2/28/2019 3:20,44.85
1380,Urban,2/28/2019 4:13,25.96
1381,Urban,2/28/2019 5:23,21.78
1382,Urban,2/28/2019 5:42,12.02
1383,Urban,2/28/2019 7:39,33.83
1384,Urban,2/3/2019 0:14,29.04
1385,Urban,2/3/2019 0:48,44.86
1386,Urban,2/3/2019 10:14,6.34
1387,Urban,2/3/2019 12:19,31.43
1388,Urban,2/3/2019 18:24,19.66
1389,Urban,2/3/2019 1:11,21.2
1390,Urban,2/3/2019 21:09,4.41
1391,Urban,2/3/2019 23:57,11.54
1392,Urban,2/3/2019 6:01,6.42
1393,Urban,2/3/2019 6:15,11.61
1394,Urban,2/3/2019 7:07,18.03
1395,Urban,2/3/2019 9:58,39.39
1396,Urban,2/4/2019 0:29,24.87
1397,Urban,2/4/2019 12:11,41.12
1398,Urban,2/4/2019 15:04,20.09
1399,Urban,2/4/2019 17:32,24.49
1400,Urban,2/4/2019 18:56,9.84
1401,Urban,2/4/2019 2:25,38.13
1402,Urban,2/4/2019 4:57,27.63
1403,Urban,2/4/2019 8:07,15.37
1404,Urban,2/4/2019 8:12,42.59
1405,Urban,2/5/2019 0:47,28.81
1406,Urban,2/5/2019 10:34,20.1
1407,Urban,2/5/2019 11:23,18.02
1408,Urban,2/5/2019 11:47,24.54
1409,Urban,2/5/2019 15:30,30.89
1410,Urban,2/5/2019 16:02,25.58
1411,Urban,2/5/2019 16:04,7.44
1412,Urban,2/5/2019 16:12,42.22
1413,Urban,2/5/2019 18:06,8.38
1414,Urban,2/5/2019 18:53,36.37
1415,Urban,2/5/2019 19:24,24.32
1416,Urban,2/5/2019 21:02,31.94
1417,Urban,2/5/2019 22:28,19.21
1418,Urban,2/5/2019 4:51,14.13
1419,Urban,2/5/2019 8:10,28.58
1420,Urban,2/6/2019 0:10,32.93
1421,Urban,2/6/2019 0:47,40.55
1422,Urban,2/6/2019 10:02,11.93
1423,Urban,2/6/2019 10:58,40.29
1424,Urban,2/6/2019 11:01,27.87
1425,Urban,2/6/2019 12:17,7.71
1426,Urban,2/6/2019 16:11,11.39
1427,Urban,2/6/2019 17:29,25.58
1428,Urban,2/6/2019 19:23,9.12
1429,Urban,2/6/2019 19:59,30.31
1430,Urban,2/6/2019 3:34,34.86
1431,Urban,2/6/2019 4:11,29.96
1432,Urban,2/6/2019 7:07,24.47
1433,Urban,2/7/2019 11:07,26.09
1434,Urban,2/7/2019 16:19,38.67
1435,Urban,2/7/2019 16:55,33.51
1436,Urban,2/7/2019 18:36,6.34
1437,Urban,2/7/2019 19:40,30.97
1438,Urban,2/7/2019 1:10,9.34
1439,Urban,2/7/2019 1:24,10.91
1440,Urban,2/7/2019 21:45,4.31
1441,Urban,2/7/2019 5:08,10.76
1442,Urban,2/7/2019 6:07,36.7
1443,Urban,2/7/2019 7:27,20.0
1444,Urban,2/7/2019 8:44,7.69
1445,Urban,2/8/2019 0:14,15.58
1446,Urban,2/8/2019 10:29,7.63
1447,Urban,2/8/2019 11:46,25.76
1448,Urban,2/8/2019 13:28,10.63
1449,Urban,2/8/2019 15:50,16.55
1450,Urban,2/8/2019 16:30,30.38
1451,Urban,2/8/2019 17:11,39.65
1452,Urban,2/8/2019 17:29,34.95
1453,Urban,2/8/2019 18:07,24.49
1454,Urban,2/8/2019 18:08,38.21
1455,Urban,2/8/2019 19:03,4.86
1456,Urban,2/8/2019 19:05,36.23
1457,Urban,2/8/2019 22:01,34.69
1458,Urban,2/8/2019 23:04,14.22
1459,Urban,2/8/2019 23:33,21.22
1460,Urban,2/8/2019 23:57,5.7
1461,Urban,2/8/2019 5:26,22.74
1462,Urban,2/8/2019 5:58,10.31
1463,Urban,2/8/2019 6:11,25.3
1464,Urban,2/8/2019 7:35,30.02
1465,Urban,2/9/2019 0:25,11.71
1466,Urban,2/9/2019 12:25,33.97
1467,Urban,2/9/2019 13:28,6.43
1468,Urban,2/9/2019 14:07,4.42
1469,Urban,2/9/2019 16:46,7.89
1470,Urban,2/9/2019 17:49,21.02
1471,Urban,2/9/2019 19:09,10.62
1472,Urban,2/9/2019 19:23,39.76
1473,Urban,2/9/2019 20:42,12.17
1474,Urban,2/9/2019 2:17,7.11
1475,Urban,2/9/2019 2:25,37.51
1476,Urban,2/9/2019 5:16,26.1
1477,Urban,2/9/2019 5:48,39.55
1478,Urban,2/9/2019 5:54,16.1
1479,Urban,3/1/2019 11:06,28.25
1480,Urban,3/1/2019 11:13,30.3
1481,Urban,3/1/2019 15:07,23.45
1482,Urban,3/1/2019 18:48,34.71
1483,Urban,3/1/2019 21:33,11.97
1484,Urban,3/1/2019 22:01,24.55
1485,Urban,3/1/2019 4:34,20.8
1486,Urban,3/1/2019 8:58,43.25
1487,Urban,3/10/2019 10:45,4.43
1488,Urban,3/10/2019 11:23,27.1
1489,Urban,3/10/2019 13:31,22.72
1490,Urban,3/10/2019 13:55,10.83
1491,Urban,3/10/2019 19:24,43.18
1492,Urban,3/10/2019 1:02,10.63
1493,Urban,3/10/2019 1:07,28.0
1494,Urban,3/10/2019 20:00,6.74
1495,Urban,3/10/2019 20:10,4.1
1496,Urban,3/10/2019 22:42,7.98
1497,Urban,3/10/2019 5:15,22.43
1498,Urban,3/10/2019 5:23,29.13
1499,Urban,3/10/2019 7:36,22.65
1500,Urban,3/10/2019 8:15,27.91
1501,Urban,3/10/2019 9:19,37.89
1502,Urban,3/11/2019 12:23,41.37
1503,Urban,3/11/2019 12:26,9.52
1504,Urban,3/11/2019 16:10,43.45
1505,Urban,3/11/2019 16:18,44.29
1506,Urban,3/11/2019 17:26,36.15
1507,Urban,3/11/2019 20:07,7.01
1508,Urban,3/11/2019 21:03,37.93
1509,Urban,3/11/2019 21:35,16.78
1510,Urban,3/11/2019 2:19,27.39
1511,Urban,3/11/2019 8:09,34.53
1512,Urban,3/12/2019 10:02,21.18
1513,Urban,3/12/2019 11:08,13.79
1514,Urban,3/12/2019 13:53,38.26
1515,Urban,3/12/2019 14:47,28.12
1516,Urban,3/12/2019 16:33,24.41
1517,Urban,3/12/2019 1:39,18.67
1518,Urban,3/12/2019 21:01,5.76
1519,Urban,3/12/2019 21:52,21.17
1520,Urban,3/12/2019 2:44,22.97
1521,Urban,3/12/2019 4:54,37.05
1522,Urban,3/12/2019 6:47,8.35
1523,Urban,3/12/2019 6:59,16.98
1524,Urban,3/12/2019 9:06,25.1
1525,Urban,3/12/2019 9:22,35.57
1526,Urban,3/13/2019 12:52,13.88
1527,Urban,3/13/2019 1:15,16.01
1528,Urban,3/13/2019 1:47,32.05
1529,Urban,3/13/2019 4:21,10.44
1530,Urban,3/13/2019 6:10,27.79
1531,Urban,3/13/2019 8:03,5.03
1532,Urban,3/13/2019 9:17,36.79
1533,Urban,3/13/2019 9:48,14.84
1534,Urban,3/14/2019 10:37,30.49
1535,Urban,3/14/2019 10:46,36.32
1536,Urban,3/14/2019 14:43,10.29
1537,Urban,3/14/2019 15:24,35.27
1538,Urban,3/14/2019 15:25,18.28
1539,Urban,3/14/2019 16:12,36.84
1540,Urban,3/14/2019 16:29,35.65
1541,Urban,3/14/2019 16:47,27.9
1542,Urban,3/14/2019 17:07,16.31
1543,Urban,3/14/2019 17:18,18.66
1544,Urban,3/14/2019 21:25,20.26
1545,Urban,3/14/2019 23:46,24.4
1546,Urban,3/14/2019 9:28,9.22
1547,Urban,3/15/2019 10:18,30.83
1548,Urban,3/15/2019 10:22,34.09
1549,Urban,3/15/2019 15:08,25.97
1550,Urban,3/15/2019 15:11,31.89
1551,Urban,3/15/2019 21:16,30.27
1552,Urban,3/15/2019 22:44,28.3
1553,Urban,3/15/2019 4:48,4.6
1554,Urban,3/15/2019 8:24,22.28
1555,Urban,3/15/2019 8:40,43.5
1556,Urban,3/15/2019 9:03,5.62
1557,Urban,3/16/2019 10:03,30.66
1558,Urban,3/16/2019 10:22,25.06
1559,Urban,3/16/2019 11:46,23.99
1560,Urban,3/16/2019 16:27,42.89
1561,Urban,3/16/2019 19:46,19.61
1562,Urban,3/16/2019 1:38,17.19
1563,Urban,3/16/2019 20:49,43.82
1564,Urban,3/16/2019 20:54,30.24
1565,Urban,3/16/2019 23:00,21.39
1566,Urban,3/16/2019 23:59,5.23
1567,Urban,3/16/2019 2:20,4.87
1568,Urban,3/16/2019 6:31,34.2
1569,Urban,3/16/2019 7:06,10.04
1570,Urban,3/17/2019 0:30,35.42
1571,Urban,3/17/2019 0:31,36.31
1572,Urban,3/17/2019 14:42,33.11
1573,Urban,3/17/2019 14:48,26.71
1574,Urban,3/17/2019 15:43,30.31
1575,Urban,3/17/2019 16:51,39.58
1576,Urban,3/17/2019 17:07,6.12
1577,Urban,3/17/2019 19:21,19.05
1578,Urban,3/17/2019 19:23,10.18
1579,Urban,3/17/2019 1:22,23.26
1580,Urban,3/17/2019 22:39,15.35
1581,Urban,3/17/2019 22:50,14.61
1582,Urban,3/17/2019 23:54,8.62
1583,Urban,3/17/2019 4:22,15.95
1584,Urban,3/17/2019 4:51,17.38
1585,Urban,3/17/2019 6:50,29.95
1586,Urban,3/17/2019 9:42,23.45
1587,Urban,3/18/2019 10:10,6.41
1588,Urban,3/18/2019 12:08,34.05
1589,Urban,3/18/2019 12:47,8.58
1590,Urban,3/18/2019 12:48,36.96
1591,Urban,3/18/2019 15:28,23.62
1592,Urban,3/18/2019 15:57,13.06
1593,Urban,3/18/2019 17:14,12.64
1594,Urban,3/18/2019 22:54,25.05
1595,Urban,3/18/2019 4:11,17.57
1596,Urban,3/18/2019 4:53,4.29
1597,Urban,3/18/2019 7:07,36.04
1598,Urban,3/18/2019 9:24,7.45
1599,Urban,3/19/2019 12:17,26.6
1600,Urban,3/19/2019 12:32,17.21
1601,Urban,3/19/2019 14:30,33.14
1602,Urban,3/19/2019 14:50,23.07
1603,Urban,3/19/2019 15:21,22.63
1604,Urban,3/19/2019 15:25,27.37
1605,Urban,3/19/2019 15:31,5.3
1606,Urban,3/19/2019 16:19,31.72
1607,Urban,3/19/2019 16:58,29.88
1608,Urban,3/19/2019 17:31,15.05
1609,Urban,3/19/2019 1:52,42.74
1610,Urban,3/19/2019 20:41,18.17
1611,Urban,3/19/2019 22:03,40.29
1612,Urban,3/19/2019 23:42,40.2
1613,Urban,3/19/2019 3:15,5.65
1614,Urban,3/19/2019 5:46,40.86
1615,Urban,3/19/2019 7:17,15.78
1616,Urban,3/19/2019 7:54,30.03
1617,Urban,3/2/2019 0:54,25.14
1618,Urban,3/2/2019 10:47,10.89
1619,Urban,3/2/2019 11:43,34.65
1620,Urban,3/2/2019 14:44,39.77
1621,Urban,3/2/2019 15:40,28.04
1622,Urban,3/2/2019 18:03,44.26
1623,Urban,3/2/2019 18:56,6.08
1624,Urban,3/2/2019 20:29,25.28
1625,Urban,3/2/2019 22:23,25.15
1626,Urban,3/2/2019 4:56,5.19
1627,Urban,3/2/2019 6:06,10.35
1628,Urban,3/2/2019 7:23,30.62
1629,Urban,3/2/2019 9:13,23.55
1630,Urban,3/2/2019 9:54,33.12
1631,Urban,3/20/2019 0:45,40.55
1632,Urban,3/20/2019 10:34,33.24
1633,Urban,3/20/2019 10:40,42.57
1634,Urban,3/20/2019 19:11,20.21
1635,Urban,3/20/2019 1:28,15.37
1636,Urban,3/20/2019 23:44,23.83
1637,Urban,3/20/2019 2:20,38.53
1638,Urban,3/20/2019 3:04,42.83
1639,Urban,3/20/2019 5:37,33.9
1640,Urban,3/20/2019 5:48,36.7
1641,Urban,3/20/2019 7:40,27.45
1642,Urban,3/21/2019 0:14,43.87
1643,Urban,3/21/2019 0:18,37.95
1644,Urban,3/21/2019 0:26,9.06
1645,Urban,3/21/2019 13:31,27.96
1646,Urban,3/21/2019 15:40,44.64
1647,Urban,3/21/2019 15:44,6.13
1648,Urban,3/21/2019 17:25,11.97
1649,Urban,3/21/2019 18:31,39.02
1650,Urban,3/21/2019 19:46,14.12
1651,Urban,3/21/2019 1:28,15.64
1652,Urban,3/21/2019 22:54,9.42
1653,Urban,3/21/2019 23:26,26.69
1654,Urban,3/21/2019 2:20,32.8
1655,Urban,3/21/2019 2:57,21.41
1656,Urban,3/21/2019 5:48,8.2
1657,Urban,3/21/2019 7:56,39.26
1658,Urban,3/21/2019 8:44,32.42
1659,Urban,3/21/2019 9:28,18.24
1660,Urban,3/21/2019 9:45,10.42
1661,Urban,3/22/2019 11:19,32.85
1662,Urban,3/22/2019 14:33,18.72
1663,Urban,3/22/2019 20:35,39.96
1664,Urban,3/22/2019 22:02,23.31
1665,Urban,3/22/2019 22:31,15.85
1666,Urban,3/22/2019 4:06,33.1
1667,Urban,3/22/2019 4:17,15.54
1668,Urban,3/22/2019 4:19,34.69
1669,Urban,3/22/2019 4:41,16.35
1670,Urban,3/22/2019 5:26,6.58
1671,Urban,3/22/2019 8:56,22.05
1672,Urban,3/23/2019 10:48,4.64
1673,Urban,3/23/2019 12:21,13.7
1674,Urban,3/23/2019 16:36,40.07
1675,Urban,3/23/2019 16:45,14.72
1676,Urban,3/23/2019 1:43,33.12
1677,Urban,3/23/2019 20:59,23.76
1678,Urban,3/23/2019 6:28,30.58
1679,Urban,3/23/2019 8:27,37.89
1680,Urban,3/24/2019 0:26,30.55
1681,Urban,3/24/2019 10:24,10.05
1682,Urban,3/24/2019 12:04,8.77
1683,Urban,3/24/2019 12:17,31.47
1684,Urban,3/24/2019 13:39,32.17
1685,Urban,3/24/2019 13:53,32.21
1686,Urban,3/24/2019 15:21,34.9
1687,Urban,3/24/2019 16:27,14.94
1688,Urban,3/24/2019 16:37,25.65
1689,Urban,3/24/2019 19:06,31.41
1690,Urban,3/24/2019 21:58,28.84
1691,Urban,3/24/2019 23:37,41.44
1692,Urban,3/24/2019 2:56,39.6
1693,Urban,3/24/2019 6:34,12.24
1694,Urban,3/24/2019 6:49,4.05
1695,Urban,3/24/2019 7:40,32.72
1696,Urban,3/24/2019 9:50,4.07
1697,Urban,3/25/2019 12:14,9.64
1698,Urban,3/25/2019 13:20,34.94
1699,Urban,3/25/2019 14:33,34.06
1700,Urban,3/25/2019 15:50,23.48
1701,Urban,3/25/2019 16:07,42.93
1702,Urban,3/25/2019 17:11,7.19
1703,Urban,3/25/2019 18:17,7.09
1704,Urban,3/25/2019 18:55,35.29
1705,Urban,3/25/2019 20:35,23.38
1706,Urban,3/25/2019 20:45,22.53
1707,Urban,3/25/2019 21:25,26.4
1708,Urban,3/25/2019 21:46,36.92
1709,Urban,3/25/2019 2:17,41.61
1710,Urban,3/25/2019 8:38,7.04
1711,Urban,3/26/2019 0:49,9.79
1712,Urban,3/26/2019 10:39,26.91
1713,Urban,3/26/2019 19:09,28.83
1714,Urban,3/26/2019 20:22,41.15
1715,Urban,3/26/2019 22:47,13.34
1716,Urban,3/26/2019 4:27,13.97
1717,Urban,3/26/2019 6:12,35.5
1718,Urban,3/26/2019 7:22,7.63
1719,Urban,3/26/2019 9:45,22.33
1720,Urban,3/27/2019 0:10,18.89
1721,Urban,3/27/2019 0:20,18.43
1722,Urban,3/27/2019 0:31,16.05
1723,Urban,3/27/2019 0:44,25.29
1724,Urban,3/27/2019 11:50,22.64
1725,Urban,3/27/2019 11:56,15.64
1726,Urban,3/27/2019 12:12,44.27
1727,Urban,3/27/2019 12:48,13.29
1728,Urban,3/27/2019 13:11,36.52
1729,Urban,3/27/2019 13:32,4.72
1730,Urban,3/27/2019 19:19,30.66
1731,Urban,3/27/2019 1:08,21.46
1732,Urban,3/27/2019 22:14,4.63
1733,Urban,3/27/2019 23:57,21.55
1734,Urban,3/27/2019 2:11,38.69
1735,Urban,3/27/2019 2:18,7.29
1736,Urban,3/27/2019 6:49,8.57
1737,Urban,3/27/2019 7:24,11.51
1738,Urban,3/27/2019 8:26,38.99
1739,Urban,3/27/2019 8:27,26.25
1740,Urban,3/27/2019 9:44,33.4
1741,Urban,3/28/2019 12:48,10.91
1742,Urban,3/28/2019 13:29,22.28
1743,Urban,3/28/2019 15:00,35.88
1744,Urban,3/28/2019 18:03,42.75
1745,Urban,3/28/2019 19:33,7.75
1746,Urban,3/28/2019 22:28,9.19
1747,Urban,3/28/2019 3:35,14.94
1748,Urban,3/28/2019 7:41,7.56
1749,Urban,3/28/2019 9:56,28.53
1750,Urban,3/29/2019 13:33,35.36
1751,Urban,3/29/2019 15:16,37.76
1752,Urban,3/29/2019 17:35,31.43
1753,Urban,3/29/2019 19:12,43.79
1754,Urban,3/29/2019 1:02,29.55
1755,Urban,3/29/2019 20:35,42.51
1756,Urban,3/29/2019 21:43,35.58
1757,Urban,3/29/2019 22:54,5.93
1758,Urban,3/29/2019 3:22,14.54
1759,Urban,3/29/2019 4:07,5.32
1760,Urban,3/29/2019 4:22,17.53
1761,Urban,3/29/2019 4:59,40.29
1762,Urban,3/29/2019 8:33,11.06
1763,Urban,3/3/2019 0:24,20.71
1764,Urban,3/3/2019 11:28,36.31
1765,Urban,3/3/2019 11:38,13.41
1766,Urban,3/3/2019 11:57,11.42
1767,Urban,3/3/2019 14:48,37.3
1768,Urban,3/3/2019 16:07,27.48
1769,Urban,3/3/2019 16:13,41.62
1770,Urban,3/3/2019 17:50,28.08
1771,Urban,3/3/2019 18:15,19.19
1772,Urban,3/3/2019 1:24,43.44
1773,Urban,3/3/2019 2:13,28.02
1774,Urban,3/3/2019 3:17,25.17
1775,Urban,3/3/2019 5:13,26.6
1776,Urban,3/3/2019 5:28,41.39
1777,Urban,3/3/2019 7:40,22.44
1778,Urban,3/3/2019 8:45,7.63
1779,Urban,3/3/2019 9:00,29.88
1780,Urban,3/30/2019 10:46,22.41
1781,Urban,3/30/2019 11:38,24.64
1782,Urban,3/30/2019 13:15,31.3
1783,Urban,3/30/2019 15:12,16.2
1784,Urban,3/30/2019 17:59,15.17
1785,Urban,3/30/2019 1:27,25.19
1786,Urban,3/30/2019 1:56,20.21
1787,Urban,3/30/2019 20:21,4.2
1788,Urban,3/30/2019 20:43,19.48
1789,Urban,3/30/2019 21:22,40.8
1790,Urban,3/30/2019 2:27,11.15
1791,Urban,3/30/2019 3:13,4.66
1792,Urban,3/30/2019 6:31,12.04
1793,Urban,3/31/2019 11:49,24.16
1794,Urban,3/31/2019 13:58,29.41
1795,Urban,3/31/2019 14:58,7.67
1796,Urban,3/31/2019 15:22,30.77
1797,Urban,3/31/2019 17:01,36.29
1798,Urban,3/31/2019 2:08,4.65
1799,Urban,3/31/2019 3:35,21.24
1800,Urban,3/4/2019 0:41,23.7
1801,Urban,3/4/2019 10:14,38.49
1802,Urban,3/4/2019 10:30,36.76
1803,Urban,3/4/2019 11:08,23.33
1804,Urban,3/4/2019 12:20,5.04
1805,Urban,3/4/2019 12:31,43.98
1806,Urban,3/4/2019 12:38,28.18
1807,Urban,3/4/2019 14:14,22.91
1808,Urban,3/4/2019 15:13,28.69
1809,Urban,3/4/2019 16:59,42.58
1810,Urban,3/4/2019 17:20,21.38
1811,Urban,3/4/2019 17:50,20.72
1812,Urban,3/4/2019 18:00,41.65
1813,Urban,3/4/2019 18:24,30.24
1814,Urban,3/4/2019 20:36,25.21
1815,Urban,3/4/2019 22:13,14.83
1816,Urban,3/4/2019 22:29,6.19
1817,Urban,3/4/2019 22:51,34.93
1818,Urban,3/4/2019 3:26,40.35
1819,Urban,3/5/2019 0:42,36.35
1820,Urban,3/5/2019 12:05,11.16
1821,Urban,3/5/2019 12:12,5.43
1822,Urban,3/5/2019 15:43,23.75
1823,Urban,3/5/2019 16:00,4.85
1824,Urban,3/5/2019 1:38,44.1
1825,Urban,3/5/2019 23:23,44.77
1826,Urban,3/5/2019 2:15,26.28
1827,Urban,3/5/2019 2:33,25.02
1828,Urban,3/5/2019 3:27,12.91
1829,Urban,3/5/2019 5:39,4.33
1830,Urban,3/5/2019 9:44,42.79
1831,Urban,3/6/2019 0:02,31.33
1832,Urban,3/6/2019 12:53,8.28
1833,Urban,3/6/2019 17:06,41.29
1834,Urban,3/6/2019 19:26,26.34
1835,Urban,3/6/2019 20:26,14.87
1836,Urban,3/6/2019 22:56,12.38
1837,Urban,3/6/2019 23:01,44.41
1838,Urban,3/6/2019 2:27,10.02
1839,Urban,3/6/2019 3:56,30.87
1840,Urban,3/6/2019 4:19,32.37
1841,Urban,3/6/2019 4:28,34.58
1842,Urban,3/6/2019 4:42,37.4
1843,Urban,3/6/2019 4:48,38.88
1844,Urban,3/6/2019 6:10,22.86
1845,Urban,3/6/2019 7:44,23.53
1846,Urban,3/6/2019 9:51,6.73
1847,Urban,3/7/2019 10:38,14.8
1848,Urban,3/7/2019 12:09,27.26
1849,Urban,3/7/2019 12:26,23.55
1850,Urban,3/7/2019 12:38,41.96
1851,Urban,3/7/2019 15:47,23.66
1852,Urban,3/7/2019 15:57,12.22
1853,Urban,3/7/2019 18:37,42.04
1854,Urban,3/7/2019 1:51,14.55
1855,Urban,3/7/2019 20:09,32.27
1856,Urban,3/7/2019 20:34,34.22
1857,Urban,3/7/2019 20:59,17.66
1858,Urban,3/7/2019 23:37,7.78
1859,Urban,3/7/2019 2:26,18.76
1860,Urban,3/7/2019 5:24,15.82
1861,Urban,3/7/2019 6:32,4.28
1862,Urban,3/7/2019 7:21,31.08
1863,Urban,3/8/2019 10:33,41.3
1864,Urban,3/8/2019 13:24,4.92
1865,Urban,3/8/2019 13:35,34.32
1866,Urban,3/8/2019 15:08,18.35
1867,Urban,3/8/2019 16:32,23.06
1868,Urban,3/8/2019 1:08,41.06
1869,Urban,3/8/2019 20:06,25.21
1870,Urban,3/8/2019 21:57,9.54
1871,Urban,3/8/2019 3:46,17.81
1872,Urban,3/8/2019 4:18,27.42
1873,Urban,3/8/2019 7:06,6.08
1874,Urban,3/8/2019 7:57,43.59
1875,Urban,3/8/2019 8:55,17.17
1876,Urban,3/8/2019 9:24,29.15
1877,Urban,3/8/2019 9:53,37.81
1878,Urban,3/9/2019 14:47,35.68
1879,Urban,3/9/2019 16:59,6.5
1880,Urban,3/9/2019 23:45,19.89
1881,Urban,3/9/2019 3:25,39.32
1882,Urban,3/9/2019 3:50,40.86
1883,Urban,3/9/2019 4:39,14.41
1884,Urban,3/9/2019 6:26,42.81
1885,Urban,4/1/2019 0:11,22.65
1886,Urban,4/1/2019 0:20,31.72
1887,Urban,4/1/2019 0:35,27.84
1888,Urban,4/1/2019 12:09,10.76
1889,Urban,4/1/2019 14:43,40.45
1890,Urban,4/1/2019 14:50,28.84
1891,Urban,4/1/2019 17:37,16.83
1892,Urban,4/1/2019 1:06,8.23
1893,Urban,4/1/2019 23:46,40.87
1894,Urban,4/1/2019 4:02,25.65
1895,Urban,4/1/2019 4:31,63.15
1896,Urban,4/1/2019 6:26,9.94
1897,Urban,4/1/2019 9:24,24.29
1898,Urban,4/1/2019 9:27,28.54
1899,Urban,4/10/2019 11:45,38.24
1900,Urban,4/10/2019 14:27,26.68
1901,Urban,4/10/2019 17:06,31.03
1902,Urban,4/10/2019 17:12,10.94
1903,Urban,4/10/2019 1:16,37.67
1904,Urban,4/10/2019 1:23,29.97
1905,Urban,4/10/2019 22:15,38.02
1906,Urban,4/10/2019 23:38,25.4
1907,Urban,4/10/2019 4:16,42.92
1908,Urban,4/10/2019 4:59,35.97
1909,Urban,4/10/2019 5:38,30.36
